{"stats":{"minecraft:killed":{"minecraft:spider":7,"minecraft:skeleton":4,"minecraft:fox":1,"minecraft:chicken":2,"minecraft:axolotl":2,"minecraft:drowned":2,"minecraft:creeper":2,"minecraft:zombie":7,"minecraft:stray":2,"minecraft:cow":1},"minecraft:custom":{"minecraft:mob_kills":31,"minecraft:animals_bred":4,"minecraft:interact_with_crafting_table":117,"minecraft:damage_dealt_resisted":23,"minecraft:leave_game":6,"minecraft:time_since_death":42945,"minecraft:sprint_one_cm":703355,"minecraft:walk_one_cm":722562,"minecraft:drop":46,"minecraft:play_time":358889,"minecraft:sneak_time":51394,"minecraft:deaths":8,"minecraft:walk_under_water_one_cm":7894,"minecraft:jump":1467,"minecraft:interact_with_blast_furnace":9,"minecraft:walk_on_water_one_cm":3395,"minecraft:total_world_time":358889,"minecraft:interact_with_furnace":17,"minecraft:play_record":1,"minecraft:sleep_in_bed":1,"minecraft:open_copper_chest":7,"minecraft:time_since_rest":42978,"minecraft:damage_taken":6171,"minecraft:damage_dealt":4440,"minecraft:fly_one_cm":210504,"minecraft:open_chest":223,"minecraft:crouch_one_cm":175745,"minecraft:interact_with_smoker":2,"minecraft:fall_one_cm":71037},"minecraft:mined":{"minecraft:dark_prismarine":4,"minecraft:deepslate_tiles":6,"minecraft:diamond_ore":3,"minecraft:tuff":28,"minecraft:white_bed":6,"minecraft:oak_sapling":17,"minecraft:deepslate_diamond_ore":6,"minecraft:dark_oak_log":1,"minecraft:spruce_trapdoor":40,"minecraft:granite":38,"minecraft:budding_amethyst":2,"minecraft:acacia_log":5,"minecraft:spruce_fence":73,"minecraft:grass_block":81,"minecraft:deepslate_bricks":28,"minecraft:spruce_leaves":56,"minecraft:tube_coral_block":3,"minecraft:moss_block":126,"minecraft:rooted_dirt":27,"minecraft:spruce_sapling":11,"minecraft:iron_ore":20,"minecraft:snow":14,"minecraft:andesite":24,"minecraft:green_terracotta":11,"minecraft:deepslate_lapis_ore":15,"minecraft:dead_horn_coral_block":1,"minecraft:deepslate_iron_ore":12,"minecraft:rail":1,"minecraft:oak_stairs":2,"minecraft:packed_ice":6,"minecraft:stone":76,"minecraft:brain_coral_block":7,"minecraft:podzol":24,"minecraft:oak_slab":52,"minecraft:powder_snow":1,"minecraft:oak_fence":124,"minecraft:clay":18,"minecraft:light_gray_terracotta":9,"minecraft:torch":15,"minecraft:short_grass":1,"minecraft:sponge":2,"minecraft:calcite":27,"minecraft:melon":7,"minecraft:chest":20,"minecraft:copper_ore":49,"minecraft:tall_grass":1,"minecraft:deepslate_coal_ore":14,"minecraft:dried_kelp_block":4,"minecraft:deepslate_gold_ore":14,"minecraft:lapis_ore":10,"minecraft:oak_planks":12,"minecraft:prismarine":19,"minecraft:diorite":26,"minecraft:amethyst_block":27,"minecraft:deepslate_copper_ore":10,"minecraft:birch_sapling":1,"minecraft:prismarine_bricks":13,"minecraft:white_terracotta":7,"minecraft:blue_terracotta":4,"minecraft:birch_log":90,"minecraft:wheat":6,"minecraft:blue_ice":4,"minecraft:spruce_log":96,"minecraft:birch_leaves":3,"minecraft:oak_log":330,"minecraft:coal_ore":23,"minecraft:oak_fence_gate":9,"minecraft:sand":5,"minecraft:gravel":34,"minecraft:dirt":31,"minecraft:dripstone_block":86,"minecraft:smooth_basalt":12,"minecraft:terracotta":1,"minecraft:raw_copper_block":1,"minecraft:gold_ore":11,"minecraft:horn_coral_block":5,"minecraft:oak_leaves":181,"minecraft:deepslate":44,"minecraft:suspicious_gravel":48},"minecraft:dropped":{"minecraft:stone_hoe":1,"minecraft:brown_mushroom":1,"minecraft:porkchop":1,"minecraft:lapis_lazuli":3,"minecraft:oak_log":4,"minecraft:decorated_pot":1,"minecraft:music_disc_relic":1,"minecraft:iron_helmet":1,"minecraft:tropical_fish":2,"minecraft:polar_bear_spawn_egg":2,"minecraft:mushroom_stew":2,"minecraft:cod":1,"minecraft:stick":6,"minecraft:wooden_sword":2,"minecraft:amethyst_shard":16,"minecraft:bone_meal":3,"minecraft:axolotl_bucket":2,"minecraft:birch_log":19,"minecraft:bucket":1,"minecraft:tropical_fish_bucket":1,"minecraft:cobbled_deepslate":2,"minecraft:pointed_dripstone":4,"minecraft:endermite_spawn_egg":2,"minecraft:andesite":1,"minecraft:wooden_shovel":1,"minecraft:oak_sapling":3,"minecraft:beef":4,"minecraft:cooked_rabbit":3,"minecraft:terracotta":1},"minecraft:picked_up":{"minecraft:wheat":8,"minecraft:chicken":4,"minecraft:clay_ball":96,"minecraft:brown_mushroom":1,"minecraft:oak_stairs":1,"minecraft:dead_horn_coral_block":6,"minecraft:amethyst_block":14,"minecraft:dead_tube_coral_block":3,"minecraft:string":2,"minecraft:raw_copper":164,"minecraft:wooden_sword":1,"minecraft:deepslate_tiles":1,"minecraft:cobbled_deepslate":35,"minecraft:beef":4,"minecraft:calcite":24,"minecraft:melon_slice":35,"minecraft:chest":19,"minecraft:birch_sapling":5,"minecraft:spruce_trapdoor":35,"minecraft:egg":7,"minecraft:golden_helmet":2,"minecraft:tipped_arrow":1,"minecraft:stick":86,"minecraft:raw_iron":25,"minecraft:music_disc_blocks":1,"minecraft:music_disc_relic":1,"minecraft:copper_ingot":2,"minecraft:oak_fence":118,"minecraft:torch":25,"minecraft:acacia_log":5,"minecraft:spruce_fence":67,"minecraft:porkchop":1,"minecraft:pointed_dripstone":4,"minecraft:diorite":11,"minecraft:trident":1,"minecraft:green_terracotta":8,"minecraft:arrow":3,"minecraft:rotten_flesh":7,"minecraft:tropical_fish":8,"minecraft:decorated_pot":3,"minecraft:deepslate_bricks":7,"minecraft:white_terracotta":8,"minecraft:cod":1,"minecraft:snowball":79,"minecraft:white_wool":14,"minecraft:cobblestone":64,"minecraft:sponge":2,"minecraft:birch_log":94,"minecraft:feather":5,"minecraft:water_bucket":2,"minecraft:andesite":11,"minecraft:leather":2,"minecraft:ice":1,"minecraft:mushroom_stew":2,"minecraft:flint":3,"minecraft:tuff":10,"minecraft:oak_log":344,"minecraft:prismarine_bricks":13,"minecraft:lapis_lazuli":69,"minecraft:dirt":179,"minecraft:bone":7,"minecraft:apple":18,"minecraft:gray_terracotta":4,"minecraft:wheat_seeds":25,"minecraft:raw_gold":19,"minecraft:rabbit_hide":1,"minecraft:oak_fence_gate":9,"minecraft:stone_pickaxe":1,"minecraft:rabbit":4,"minecraft:moss_block":51,"minecraft:prismarine":19,"minecraft:stone_hoe":1,"minecraft:oak_planks":9,"minecraft:oak_slab":47,"minecraft:smooth_basalt":3,"minecraft:pumpkin":1,"minecraft:sand":5,"minecraft:spyglass":1,"minecraft:dripstone_block":19,"minecraft:gravel":29,"minecraft:endermite_spawn_egg":1,"minecraft:amethyst_shard":16,"minecraft:spruce_sapling":39,"minecraft:grass_block":1,"minecraft:white_bed":6,"minecraft:spruce_log":97,"minecraft:dark_oak_log":1,"minecraft:spruce_door":1,"minecraft:spider_eye":1,"minecraft:polar_bear_spawn_egg":1,"minecraft:leather_helmet":2,"minecraft:dark_prismarine":4,"minecraft:dried_kelp_block":4,"minecraft:blue_terracotta":4,"minecraft:diamond":1,"minecraft:dead_brain_coral_block":7,"minecraft:iron_helmet":1,"minecraft:granite":45,"minecraft:bone_meal":4,"minecraft:terracotta":1,"minecraft:rooted_dirt":13,"minecraft:oak_sapling":100,"minecraft:coal":18},"minecraft:used":{"minecraft:oak_trapdoor":1,"minecraft:oak_fence":282,"minecraft:moss_block":2,"minecraft:chest":17,"reinfchest:copper_chest":2,"minecraft:decorated_pot":1,"minecraft:iron_sword":24,"minecraft:cooked_chicken":1,"minecraft:wooden_shovel":152,"minecraft:stone_hoe":90,"minecraft:torch":28,"minecraft:dirt":321,"minecraft:spyglass":198,"minecraft:hopper":2,"minecraft:snowball":1,"minecraft:spruce_fence":127,"minecraft:oak_fence_gate":16,"minecraft:wooden_axe":54,"minecraft:iron_axe":355,"minecraft:oak_stairs":22,"minecraft:grass_block":1,"minecraft:birch_sapling":4,"dirtequipment:dirt_pickaxe":224,"minecraft:oak_sapling":64,"minecraft:wheat_seeds":24,"minecraft:water_bucket":25,"minecraft:spruce_door":12,"minecraft:stone_pickaxe":191,"minecraft:oak_planks":23,"minecraft:oak_slab":793,"minecraft:crafting_table":2,"minecraft:mushroom_stew":25,"minecraft:white_bed":8,"minecraft:oak_log":33,"minecraft:wooden_hoe":20,"minecraft:spruce_trapdoor":55,"minecraft:leather_helmet":1,"minecraft:iron_pickaxe":563,"minecraft:spruce_sapling":33,"minecraft:music_disc_blocks":1,"minecraft:stone_axe":604,"minecraft:cooked_rabbit":4,"minecraft:bucket":30,"minecraft:birch_log":47,"minecraft:ice":1,"minecraft:tropical_fish_bucket":2,"minecraft:bone_meal":6},"minecraft:killed_by":{"minecraft:player":2,"minecraft:zombie":1},"minecraft:crafted":{"minecraft:oak_planks":996,"minecraft:cooked_chicken":1,"woodarmor:stone_boots":1,"minecraft:bone_meal":3,"dirtequipment:dirt_pickaxe":1,"minecraft:spruce_fence":153,"minecraft:oak_trapdoor":2,"woodarmor:stone_leggings":1,"minecraft:hopper":2,"minecraft:iron_axe":2,"minecraft:stone_pickaxe":1,"minecraft:chest":8,"minecraft:dark_oak_planks":56,"minecraft:stone_hoe":1,"minecraft:oak_fence":324,"minecraft:golden_helmet":1,"minecraft:cooked_rabbit":7,"minecraft:oak_slab":744,"minecraft:wooden_shovel":3,"minecraft:crafting_table":2,"minecraft:spruce_planks":464,"reinfchest:copper_chest":2,"minecraft:spruce_door":15,"minecraft:bowl":4,"minecraft:copper_ingot":22,"minecraft:leather_helmet":1,"minecraft:bucket":4,"minecraft:birch_planks":180,"minecraft:stone_axe":5,"minecraft:air":0,"minecraft:oak_fence_gate":16,"minecraft:spruce_trapdoor":46,"minecraft:wooden_hoe":1,"minecraft:stick":428,"minecraft:oak_stairs":36,"minecraft:iron_ingot":28,"minecraft:iron_pickaxe":3,"minecraft:wooden_axe":1,"minecraft:white_bed":4,"woodarmor:stone_chestplate":1,"minecraft:shears":1},"minecraft:broken":{"minecraft:wooden_shovel":2,"minecraft:stone_hoe":1,"minecraft:iron_axe":1,"minecraft:stone_axe":4,"minecraft:iron_pickaxe":2,"minecraft:wooden_axe":1}},"DataVersion":3700}