{"stats":{"minecraft:mined":{"minecraft:podzol":20,"minecraft:oak_slab":6,"minecraft:oak_sapling":10,"minecraft:birch_log":11,"minecraft:andesite":1,"minecraft:oak_fence":6,"minecraft:clay":17,"minecraft:granite":2,"minecraft:coal_ore":2,"minecraft:grass_block":62,"minecraft:oak_log":36,"minecraft:melon":7,"minecraft:chest":4,"minecraft:oak_stairs":2,"minecraft:gravel":16,"minecraft:dirt":3,"minecraft:copper_ore":8,"minecraft:stone":11,"minecraft:diorite":3},"minecraft:used":{"minecraft:oak_fence":54,"minecraft:oak_trapdoor":1,"minecraft:wooden_axe":42,"minecraft:water_bucket":3,"minecraft:oak_stairs":13,"minecraft:stone_pickaxe":28,"minecraft:oak_planks":9,"minecraft:chest":2,"minecraft:wooden_shovel":81,"minecraft:stone_axe":12,"minecraft:dirt":144,"minecraft:oak_slab":190,"minecraft:oak_sapling":10,"minecraft:bucket":3},"minecraft:picked_up":{"minecraft:birch_log":19,"minecraft:oak_slab":7,"minecraft:pumpkin":1,"minecraft:feather":4,"minecraft:chicken":1,"minecraft:clay_ball":96,"minecraft:water_bucket":1,"minecraft:oak_fence":6,"minecraft:oak_stairs":1,"minecraft:gravel":15,"minecraft:flint":3,"minecraft:oak_log":50,"minecraft:diorite":4,"minecraft:amethyst_block":1,"minecraft:dirt":138,"minecraft:raw_copper":40,"minecraft:granite":3,"minecraft:calcite":3,"minecraft:rabbit":1,"minecraft:oak_sapling":10,"minecraft:melon_slice":35,"minecraft:chest":7,"minecraft:coal":3,"minecraft:smooth_basalt":1,"minecraft:cobblestone":34,"minecraft:andesite":2},"minecraft:custom":{"minecraft:time_since_rest":32146,"minecraft:sprint_one_cm":47102,"minecraft:damage_taken":480,"minecraft:walk_one_cm":63713,"minecraft:mob_kills":2,"minecraft:drop":2,"minecraft:damage_dealt":190,"minecraft:interact_with_crafting_table":23,"minecraft:fly_one_cm":8485,"minecraft:open_chest":25,"minecraft:crouch_one_cm":33859,"minecraft:play_time":35802,"minecraft:deaths":2,"minecraft:sneak_time":10127,"minecraft:walk_under_water_one_cm":7848,"minecraft:jump":45,"minecraft:time_since_death":32116,"minecraft:walk_on_water_one_cm":2126,"minecraft:total_world_time":35802,"minecraft:fall_one_cm":836},"minecraft:dropped":{"minecraft:oak_log":4,"minecraft:wooden_shovel":1},"minecraft:killed":{"minecraft:zombie":2},"minecraft:broken":{"minecraft:wooden_shovel":1},"minecraft:crafted":{"minecraft:oak_planks":260,"minecraft:oak_slab":186,"minecraft:wooden_shovel":2,"minecraft:stick":60,"minecraft:stone_pickaxe":1,"minecraft:wooden_axe":1,"minecraft:oak_stairs":12,"minecraft:stone_axe":1,"minecraft:oak_fence":75,"minecraft:oak_trapdoor":2}},"DataVersion":3700}