{"stats":{"minecraft:mined":{"minecraft:podzol":16,"minecraft:oak_slab":3,"minecraft:oak_sapling":2,"minecraft:birch_log":7,"minecraft:clay":12,"minecraft:grass_block":51,"minecraft:oak_log":18,"minecraft:melon":6,"minecraft:chest":4,"minecraft:oak_stairs":1,"minecraft:gravel":13,"minecraft:dirt":2},"minecraft:used":{"minecraft:oak_trapdoor":1,"minecraft:wooden_axe":16,"minecraft:water_bucket":3,"minecraft:oak_stairs":4,"minecraft:oak_planks":3,"minecraft:chest":2,"minecraft:wooden_shovel":61,"minecraft:dirt":100,"minecraft:oak_slab":173,"minecraft:oak_sapling":2,"minecraft:bucket":3},"minecraft:picked_up":{"minecraft:birch_log":12,"minecraft:oak_slab":4,"minecraft:clay_ball":68,"minecraft:water_bucket":1,"minecraft:gravel":12,"minecraft:flint":3,"minecraft:oak_log":25,"minecraft:dirt":111,"minecraft:oak_sapling":2,"minecraft:melon_slice":29,"minecraft:chest":5},"minecraft:custom":{"minecraft:time_since_rest":20146,"minecraft:sprint_one_cm":21297,"minecraft:damage_taken":480,"minecraft:walk_one_cm":25210,"minecraft:drop":2,"minecraft:interact_with_crafting_table":12,"minecraft:fly_one_cm":3642,"minecraft:open_chest":16,"minecraft:crouch_one_cm":31211,"minecraft:play_time":23802,"minecraft:deaths":2,"minecraft:sneak_time":9586,"minecraft:walk_under_water_one_cm":7848,"minecraft:jump":24,"minecraft:time_since_death":20116,"minecraft:walk_on_water_one_cm":2126,"minecraft:total_world_time":23802,"minecraft:fall_one_cm":209},"minecraft:dropped":{"minecraft:oak_log":4,"minecraft:wooden_shovel":1},"minecraft:crafted":{"minecraft:oak_planks":100,"minecraft:oak_slab":186,"minecraft:wooden_shovel":1,"minecraft:stick":4,"minecraft:wooden_axe":1,"minecraft:oak_stairs":4,"minecraft:oak_trapdoor":2}},"DataVersion":3700}