{"stats":{"minecraft:mined":{"minecraft:oak_sapling":16,"minecraft:granite":18,"minecraft:spruce_trapdoor":39,"minecraft:budding_amethyst":1,"minecraft:grass_block":74,"minecraft:spruce_fence":73,"minecraft:spruce_leaves":46,"minecraft:spruce_sapling":10,"minecraft:iron_ore":6,"minecraft:snow":14,"minecraft:andesite":4,"minecraft:oak_stairs":2,"minecraft:packed_ice":3,"minecraft:stone":35,"minecraft:podzol":21,"minecraft:oak_slab":39,"minecraft:powder_snow":1,"minecraft:oak_fence":114,"minecraft:clay":17,"minecraft:torch":14,"minecraft:calcite":14,"minecraft:melon":7,"minecraft:chest":8,"minecraft:tall_grass":1,"minecraft:copper_ore":18,"minecraft:oak_planks":10,"minecraft:diorite":7,"minecraft:amethyst_block":7,"minecraft:birch_sapling":1,"minecraft:white_terracotta":7,"minecraft:birch_log":88,"minecraft:wheat":2,"minecraft:blue_ice":4,"minecraft:spruce_log":74,"minecraft:birch_leaves":3,"minecraft:coal_ore":5,"minecraft:oak_log":271,"minecraft:oak_fence_gate":9,"minecraft:dripstone_block":2,"minecraft:gravel":25,"minecraft:dirt":28,"minecraft:terracotta":1,"minecraft:raw_copper_block":1,"minecraft:oak_leaves":163,"minecraft:suspicious_gravel":4},"minecraft:picked_up":{"minecraft:wheat":2,"minecraft:chicken":2,"minecraft:clay_ball":96,"minecraft:brown_mushroom":1,"minecraft:oak_stairs":1,"minecraft:amethyst_block":8,"minecraft:string":1,"minecraft:raw_copper":94,"minecraft:wooden_sword":1,"minecraft:cobbled_deepslate":2,"minecraft:beef":4,"minecraft:calcite":18,"minecraft:melon_slice":35,"minecraft:chest":12,"minecraft:birch_sapling":5,"minecraft:spruce_trapdoor":34,"minecraft:egg":7,"minecraft:tipped_arrow":1,"minecraft:stick":79,"minecraft:raw_iron":16,"minecraft:music_disc_blocks":1,"minecraft:music_disc_relic":1,"minecraft:oak_fence":112,"minecraft:torch":22,"minecraft:spruce_fence":67,"minecraft:porkchop":1,"minecraft:diorite":9,"minecraft:rotten_flesh":2,"minecraft:decorated_pot":2,"minecraft:white_terracotta":8,"minecraft:cod":1,"minecraft:snowball":79,"minecraft:cobblestone":47,"minecraft:birch_log":92,"minecraft:feather":4,"minecraft:water_bucket":1,"minecraft:andesite":5,"minecraft:leather":2,"minecraft:ice":1,"minecraft:flint":3,"minecraft:oak_log":293,"minecraft:dirt":174,"minecraft:bone":5,"minecraft:apple":18,"minecraft:gray_terracotta":4,"minecraft:wheat_seeds":5,"minecraft:raw_gold":2,"minecraft:rabbit_hide":1,"minecraft:oak_fence_gate":9,"minecraft:rabbit":4,"minecraft:stone_hoe":1,"minecraft:oak_planks":7,"minecraft:oak_slab":30,"minecraft:smooth_basalt":1,"minecraft:pumpkin":1,"minecraft:spyglass":1,"minecraft:gravel":25,"minecraft:spruce_sapling":38,"minecraft:spruce_log":75,"minecraft:grass_block":1,"minecraft:iron_helmet":1,"minecraft:granite":27,"minecraft:terracotta":1,"minecraft:oak_sapling":93,"minecraft:coal":5},"minecraft:used":{"minecraft:oak_fence":255,"minecraft:oak_trapdoor":1,"minecraft:decorated_pot":1,"minecraft:chest":2,"minecraft:cooked_chicken":1,"minecraft:wooden_shovel":152,"minecraft:stone_hoe":56,"minecraft:torch":17,"minecraft:dirt":315,"minecraft:spyglass":114,"minecraft:spruce_fence":127,"minecraft:oak_fence_gate":16,"minecraft:wooden_axe":54,"minecraft:oak_stairs":22,"minecraft:grass_block":1,"minecraft:iron_axe":178,"minecraft:birch_sapling":4,"minecraft:oak_sapling":57,"minecraft:wheat_seeds":4,"minecraft:water_bucket":9,"minecraft:spruce_door":8,"minecraft:stone_pickaxe":178,"minecraft:oak_planks":21,"minecraft:oak_slab":760,"minecraft:crafting_table":2,"minecraft:mushroom_stew":11,"minecraft:oak_log":22,"minecraft:spruce_trapdoor":46,"minecraft:spruce_sapling":29,"minecraft:music_disc_blocks":1,"minecraft:stone_axe":604,"minecraft:cooked_rabbit":4,"minecraft:bucket":8,"minecraft:birch_log":47,"minecraft:bone_meal":6},"minecraft:custom":{"minecraft:mob_kills":12,"minecraft:interact_with_crafting_table":87,"minecraft:time_since_death":30538,"minecraft:sprint_one_cm":501970,"minecraft:walk_one_cm":538004,"minecraft:drop":23,"minecraft:play_time":203802,"minecraft:deaths":5,"minecraft:sneak_time":44008,"minecraft:walk_under_water_one_cm":7894,"minecraft:jump":866,"minecraft:walk_on_water_one_cm":2802,"minecraft:total_world_time":203802,"minecraft:interact_with_furnace":13,"minecraft:play_record":1,"minecraft:time_since_rest":30566,"minecraft:damage_taken":3710,"minecraft:damage_dealt":1489,"minecraft:fly_one_cm":120363,"minecraft:open_chest":109,"minecraft:crouch_one_cm":148482,"minecraft:fall_one_cm":43463},"minecraft:dropped":{"minecraft:stone_hoe":1,"minecraft:brown_mushroom":1,"minecraft:porkchop":1,"minecraft:oak_log":4,"minecraft:decorated_pot":1,"minecraft:music_disc_relic":1,"minecraft:mushroom_stew":2,"minecraft:cod":1,"minecraft:stick":2,"minecraft:wooden_sword":1,"minecraft:birch_log":19,"minecraft:bucket":1,"minecraft:cobbled_deepslate":2,"minecraft:wooden_shovel":1,"minecraft:beef":4,"minecraft:cooked_rabbit":3,"minecraft:terracotta":1},"minecraft:killed":{"minecraft:spider":4,"minecraft:fox":1,"minecraft:zombie":3,"minecraft:stray":2,"minecraft:cow":1},"minecraft:killed_by":{"minecraft:player":1},"minecraft:broken":{"minecraft:wooden_shovel":2,"minecraft:stone_axe":4,"minecraft:wooden_axe":1},"minecraft:crafted":{"minecraft:oak_planks":928,"minecraft:cooked_chicken":1,"minecraft:bone_meal":3,"minecraft:spruce_fence":153,"minecraft:oak_trapdoor":2,"minecraft:iron_axe":1,"minecraft:stone_pickaxe":1,"minecraft:stone_hoe":1,"minecraft:oak_fence":324,"minecraft:cooked_rabbit":7,"minecraft:oak_slab":744,"minecraft:wooden_shovel":3,"minecraft:crafting_table":2,"minecraft:spruce_planks":316,"minecraft:bowl":4,"minecraft:spruce_door":9,"minecraft:bucket":1,"minecraft:birch_planks":180,"minecraft:stone_axe":5,"minecraft:air":0,"minecraft:oak_fence_gate":16,"minecraft:spruce_trapdoor":30,"minecraft:stick":412,"minecraft:iron_ingot":21,"minecraft:wooden_axe":1,"minecraft:oak_stairs":36}},"DataVersion":3700}