{"stats":{"minecraft:mined":{"minecraft:podzol":20,"minecraft:oak_slab":8,"minecraft:oak_sapling":11,"minecraft:oak_fence":6,"minecraft:clay":17,"minecraft:torch":1,"minecraft:granite":10,"minecraft:spruce_fence":1,"minecraft:calcite":3,"minecraft:grass_block":62,"minecraft:melon":7,"minecraft:chest":6,"minecraft:copper_ore":10,"minecraft:spruce_leaves":5,"minecraft:diorite":4,"minecraft:amethyst_block":2,"minecraft:spruce_sapling":5,"minecraft:birch_log":24,"minecraft:iron_ore":3,"minecraft:birch_leaves":2,"minecraft:spruce_log":7,"minecraft:andesite":4,"minecraft:oak_log":51,"minecraft:coal_ore":4,"minecraft:oak_stairs":2,"minecraft:gravel":19,"minecraft:dirt":16,"minecraft:stone":20,"minecraft:oak_leaves":4},"minecraft:used":{"minecraft:oak_trapdoor":1,"minecraft:oak_fence":87,"minecraft:water_bucket":4,"minecraft:stone_pickaxe":69,"minecraft:oak_planks":9,"minecraft:chest":2,"minecraft:wooden_shovel":90,"minecraft:torch":1,"minecraft:dirt":145,"minecraft:spyglass":14,"minecraft:oak_slab":355,"minecraft:crafting_table":1,"minecraft:mushroom_stew":4,"minecraft:spruce_fence":3,"minecraft:wooden_axe":42,"minecraft:grass_block":1,"minecraft:oak_stairs":13,"minecraft:birch_sapling":4,"minecraft:spruce_trapdoor":5,"minecraft:spruce_sapling":7,"minecraft:stone_axe":66,"minecraft:oak_sapling":16,"minecraft:birch_log":4,"minecraft:bucket":4},"minecraft:picked_up":{"minecraft:birch_log":34,"minecraft:feather":4,"minecraft:andesite":5,"minecraft:chicken":2,"minecraft:water_bucket":1,"minecraft:clay_ball":96,"minecraft:brown_mushroom":1,"minecraft:oak_stairs":1,"minecraft:flint":3,"minecraft:oak_log":66,"minecraft:amethyst_block":4,"minecraft:string":1,"minecraft:dirt":151,"minecraft:raw_copper":53,"minecraft:calcite":7,"minecraft:rabbit":2,"minecraft:birch_sapling":2,"minecraft:melon_slice":35,"minecraft:chest":9,"minecraft:egg":3,"minecraft:oak_slab":8,"minecraft:stick":8,"minecraft:raw_iron":8,"minecraft:smooth_basalt":1,"minecraft:pumpkin":1,"minecraft:music_disc_relic":1,"minecraft:oak_fence":6,"minecraft:torch":1,"minecraft:spyglass":1,"minecraft:spruce_fence":2,"minecraft:gravel":18,"minecraft:spruce_sapling":7,"minecraft:grass_block":1,"minecraft:diorite":7,"minecraft:spruce_log":7,"minecraft:granite":16,"minecraft:oak_sapling":16,"minecraft:coal":5,"minecraft:cobblestone":46},"minecraft:custom":{"minecraft:interact_with_furnace":3,"minecraft:mob_kills":6,"minecraft:interact_with_crafting_table":35,"minecraft:time_since_death":56116,"minecraft:time_since_rest":56146,"minecraft:sprint_one_cm":137643,"minecraft:damage_taken":494,"minecraft:walk_one_cm":120117,"minecraft:drop":7,"minecraft:damage_dealt":554,"minecraft:fly_one_cm":52988,"minecraft:open_chest":36,"minecraft:crouch_one_cm":53595,"minecraft:play_time":59802,"minecraft:deaths":2,"minecraft:sneak_time":14881,"minecraft:walk_under_water_one_cm":7848,"minecraft:jump":242,"minecraft:walk_on_water_one_cm":2126,"minecraft:total_world_time":59802,"minecraft:fall_one_cm":5852},"minecraft:dropped":{"minecraft:oak_log":4,"minecraft:music_disc_relic":1,"minecraft:mushroom_stew":2,"minecraft:stick":2,"minecraft:wooden_shovel":1},"minecraft:killed":{"minecraft:spider":4,"minecraft:zombie":2},"minecraft:broken":{"minecraft:wooden_shovel":1},"minecraft:crafted":{"minecraft:oak_slab":360,"minecraft:oak_planks":352,"minecraft:wooden_shovel":2,"minecraft:crafting_table":1,"minecraft:spruce_planks":28,"minecraft:bowl":4,"minecraft:birch_planks":52,"minecraft:spruce_fence":6,"minecraft:stone_axe":1,"minecraft:oak_trapdoor":2,"minecraft:spruce_trapdoor":6,"minecraft:stick":156,"minecraft:oak_stairs":12,"minecraft:stone_pickaxe":1,"minecraft:wooden_axe":1,"minecraft:oak_fence":81}},"DataVersion":3700}