{"stats":{"minecraft:mined":{"minecraft:white_bed":6,"minecraft:oak_sapling":17,"minecraft:spruce_trapdoor":40,"minecraft:granite":48,"minecraft:budding_amethyst":6,"minecraft:red_sand":24,"minecraft:acacia_log":14,"minecraft:grass_block":94,"minecraft:deepslate_bricks":28,"minecraft:bubble_coral_block":11,"minecraft:tube_coral_block":10,"minecraft:raw_iron_block":1,"minecraft:iron_ore":28,"minecraft:deepslate_lapis_ore":19,"minecraft:oak_stairs":2,"minecraft:brain_coral_block":16,"minecraft:cyan_terracotta":15,"minecraft:dead_bubble_coral_block":1,"minecraft:orange_terracotta":8,"minecraft:powder_snow":1,"minecraft:clay":72,"minecraft:torch":15,"minecraft:light_gray_terracotta":9,"minecraft:calcite":37,"minecraft:melon":7,"minecraft:chest":43,"minecraft:cobblestone":1,"minecraft:prismarine":77,"minecraft:oak_planks":12,"minecraft:amethyst_block":49,"minecraft:deepslate_copper_ore":35,"minecraft:birch_sapling":1,"minecraft:white_terracotta":13,"minecraft:blue_terracotta":12,"minecraft:birch_log":91,"minecraft:wheat":44,"minecraft:blue_ice":4,"minecraft:oak_log":343,"minecraft:oak_fence_gate":9,"minecraft:sand":90,"minecraft:dirt":45,"minecraft:smooth_basalt":12,"minecraft:raw_copper_block":1,"minecraft:oak_leaves":181,"minecraft:horn_coral_block":11,"minecraft:deepslate":73,"minecraft:suspicious_gravel":87,"minecraft:yellow_terracotta":8,"minecraft:deepslate_tiles":6,"minecraft:dark_prismarine":60,"minecraft:diamond_ore":6,"minecraft:tuff":34,"minecraft:deepslate_diamond_ore":12,"minecraft:dark_oak_log":10,"minecraft:sea_lantern":33,"minecraft:spruce_fence":73,"minecraft:spruce_leaves":56,"minecraft:moss_block":138,"minecraft:sandstone":31,"minecraft:rooted_dirt":28,"minecraft:hay_block":8,"minecraft:redstone_ore":3,"minecraft:spruce_sapling":11,"minecraft:red_sandstone":13,"minecraft:snow":14,"minecraft:suspicious_sand":10,"minecraft:green_terracotta":11,"minecraft:andesite":35,"minecraft:dead_horn_coral_block":1,"minecraft:deepslate_iron_ore":24,"minecraft:rail":1,"minecraft:packed_ice":8,"minecraft:stone":91,"minecraft:fire_coral_block":11,"minecraft:podzol":24,"minecraft:oak_slab":56,"minecraft:oak_fence":124,"minecraft:short_grass":1,"minecraft:emerald_ore":4,"minecraft:sponge":13,"minecraft:tall_grass":1,"minecraft:copper_ore":78,"minecraft:deepslate_coal_ore":21,"minecraft:dried_kelp_block":12,"minecraft:lapis_ore":16,"minecraft:deepslate_gold_ore":15,"minecraft:diorite":36,"minecraft:prismarine_bricks":82,"minecraft:dead_fire_coral_block":1,"minecraft:spruce_log":97,"minecraft:birch_leaves":3,"minecraft:dead_brain_coral_block":2,"minecraft:coal_ore":41,"minecraft:gravel":67,"minecraft:dripstone_block":90,"minecraft:brown_terracotta":4,"minecraft:terracotta":15,"minecraft:gold_ore":15},"minecraft:custom":{"minecraft:animals_bred":4,"minecraft:interact_with_crafting_table":126,"minecraft:leave_game":7,"minecraft:time_since_death":29185,"minecraft:sprint_one_cm":761496,"minecraft:drop":48,"minecraft:play_time":412551,"minecraft:deaths":12,"minecraft:jump":1660,"minecraft:walk_on_water_one_cm":3395,"minecraft:interact_with_furnace":19,"minecraft:play_record":1,"minecraft:sleep_in_bed":1,"minecraft:damage_dealt":10914,"minecraft:crouch_one_cm":184812,"minecraft:interact_with_smoker":3,"minecraft:mob_kills":65,"minecraft:damage_dealt_resisted":153,"minecraft:walk_one_cm":787266,"minecraft:sneak_time":55174,"minecraft:walk_under_water_one_cm":7894,"minecraft:interact_with_blast_furnace":16,"minecraft:total_world_time":412551,"minecraft:open_copper_chest":30,"minecraft:time_since_rest":29213,"minecraft:damage_taken":7768,"minecraft:fly_one_cm":229006,"minecraft:open_chest":286,"minecraft:open_iron_chest":15,"minecraft:fall_one_cm":77237},"minecraft:crafted":{"minecraft:oak_planks":1036,"minecraft:cooked_chicken":1,"woodarmor:stone_boots":1,"dirtequipment:dirt_pickaxe":1,"minecraft:hopper":2,"minecraft:chest":8,"reinfchest:iron_chest":2,"minecraft:stone_hoe":1,"minecraft:oak_fence":324,"minecraft:cooked_rabbit":7,"minecraft:oak_slab":792,"minecraft:wooden_shovel":3,"minecraft:crafting_table":2,"minecraft:spruce_planks":464,"reinfchest:copper_chest":6,"minecraft:spruce_door":15,"minecraft:copper_ingot":73,"minecraft:birch_planks":180,"woodarmor:oak_helmet":1,"minecraft:spruce_trapdoor":46,"minecraft:wooden_hoe":1,"minecraft:stick":432,"minecraft:iron_ingot":36,"minecraft:iron_pickaxe":3,"minecraft:shears":1,"dirtequipment:dirt_shovel":1,"minecraft:bone_meal":3,"minecraft:spruce_fence":153,"minecraft:oak_trapdoor":2,"woodarmor:stone_leggings":1,"minecraft:iron_axe":3,"minecraft:stone_pickaxe":1,"minecraft:dark_oak_planks":56,"minecraft:golden_helmet":1,"minecraft:bowl":4,"minecraft:leather_helmet":1,"minecraft:bucket":5,"minecraft:stone_axe":5,"minecraft:bread":11,"minecraft:air":0,"minecraft:oak_fence_gate":16,"minecraft:wooden_axe":1,"minecraft:oak_stairs":36,"minecraft:white_bed":4,"woodarmor:stone_chestplate":1},"minecraft:killed":{"minecraft:spider":7,"minecraft:skeleton":4,"minecraft:fox":2,"minecraft:chicken":2,"minecraft:axolotl":3,"minecraft:creeper":2,"minecraft:pillager":3,"minecraft:zombie":7,"minecraft:stray":2,"minecraft:glow_squid":1,"minecraft:cow":1,"minecraft:drowned":14,"minecraft:husk":12,"minecraft:squid":4},"minecraft:dropped":{"minecraft:brown_mushroom":1,"minecraft:porkchop":1,"minecraft:lapis_lazuli":3,"minecraft:oak_log":4,"minecraft:decorated_pot":1,"minecraft:music_disc_relic":1,"minecraft:polar_bear_spawn_egg":2,"minecraft:cod":1,"minecraft:wooden_sword":2,"minecraft:amethyst_shard":16,"minecraft:bone_meal":3,"minecraft:axolotl_bucket":2,"minecraft:sand":1,"minecraft:birch_log":19,"minecraft:tropical_fish_bucket":1,"minecraft:brain_coral_fan":1,"minecraft:cobbled_deepslate":2,"minecraft:pointed_dripstone":4,"minecraft:endermite_spawn_egg":2,"minecraft:beef":4,"minecraft:stone_hoe":1,"minecraft:iron_helmet":1,"minecraft:tropical_fish":2,"minecraft:mushroom_stew":2,"minecraft:stick":6,"minecraft:bucket":1,"minecraft:andesite":1,"minecraft:oak_sapling":3,"minecraft:wooden_shovel":1,"minecraft:cooked_rabbit":3,"minecraft:terracotta":1},"minecraft:used":{"minecraft:moss_block":2,"minecraft:decorated_pot":1,"minecraft:chest":17,"minecraft:iron_sword":51,"minecraft:snowball":1,"minecraft:grass_block":1,"minecraft:birch_sapling":4,"minecraft:oak_sapling":64,"minecraft:potato":2,"reinfchest:iron_chest":2,"minecraft:spruce_door":12,"minecraft:stone_pickaxe":191,"minecraft:oak_planks":25,"minecraft:mushroom_stew":27,"minecraft:bread":6,"dirtequipment:dirt_shovel":51,"minecraft:pufferfish_bucket":1,"minecraft:cooked_rabbit":4,"minecraft:birch_log":47,"minecraft:ice":1,"minecraft:tropical_fish_bucket":4,"minecraft:bone_meal":6,"minecraft:oak_fence":282,"minecraft:oak_trapdoor":1,"reinfchest:copper_chest":4,"minecraft:wooden_shovel":152,"minecraft:stone_hoe":90,"minecraft:cooked_chicken":1,"minecraft:torch":28,"minecraft:dirt":321,"minecraft:spyglass":237,"minecraft:hopper":2,"minecraft:cod_bucket":3,"minecraft:salmon_bucket":3,"minecraft:spruce_fence":127,"minecraft:oak_fence_gate":16,"minecraft:wooden_axe":54,"minecraft:iron_axe":518,"minecraft:oak_stairs":22,"dirtequipment:dirt_pickaxe":1063,"minecraft:wheat_seeds":100,"minecraft:water_bucket":35,"minecraft:oak_slab":818,"minecraft:crafting_table":2,"minecraft:white_bed":8,"minecraft:oak_log":33,"minecraft:wooden_hoe":20,"minecraft:iron_pickaxe":582,"minecraft:leather_helmet":1,"minecraft:spruce_trapdoor":55,"minecraft:spruce_sapling":33,"minecraft:music_disc_blocks":1,"woodarmor:oak_helmet":1,"minecraft:stone_axe":604,"minecraft:bucket":50,"minecraft:candle":3},"minecraft:killed_by":{"minecraft:drowned":2,"minecraft:zombie":1,"minecraft:player":3},"minecraft:broken":{"minecraft:golden_helmet":1,"minecraft:wooden_shovel":2,"minecraft:stone_axe":4,"minecraft:wooden_axe":1,"minecraft:stone_hoe":1,"minecraft:iron_axe":2,"minecraft:iron_pickaxe":2},"minecraft:picked_up":{"minecraft:wheat":43,"minecraft:prismarine_shard":9,"minecraft:oak_stairs":1,"minecraft:amethyst_block":36,"minecraft:dead_tube_coral_block":9,"minecraft:music_disc_cat":1,"minecraft:string":4,"minecraft:raw_copper":312,"minecraft:explorer_pottery_sherd":11,"minecraft:sea_pickle":2,"minecraft:deepslate_tiles":1,"minecraft:red_sand":24,"minecraft:cobbled_deepslate":55,"minecraft:bubble_coral":1,"minecraft:calcite":33,"minecraft:melon_slice":35,"minecraft:golden_helmet":2,"minecraft:tipped_arrow":1,"minecraft:stick":86,"minecraft:music_disc_blocks":1,"minecraft:brown_terracotta":4,"minecraft:oak_fence":118,"minecraft:torch":25,"minecraft:acacia_log":14,"minecraft:porkchop":1,"minecraft:diorite":20,"minecraft:pointed_dripstone":14,"minecraft:green_terracotta":8,"minecraft:horn_coral_fan":1,"minecraft:rotten_flesh":29,"minecraft:tropical_fish":9,"minecraft:cyan_terracotta":20,"minecraft:white_terracotta":14,"minecraft:cod":3,"minecraft:snowball":79,"minecraft:cobblestone":78,"minecraft:nautilus_shell":2,"minecraft:sponge":11,"minecraft:birch_log":96,"minecraft:feather":5,"minecraft:water_bucket":2,"minecraft:andesite":21,"minecraft:flint":9,"minecraft:tuff":16,"minecraft:prismarine_bricks":82,"minecraft:lapis_lazuli":112,"minecraft:dirt":201,"minecraft:bone":7,"minecraft:gray_terracotta":4,"minecraft:wheat_seeds":149,"minecraft:small_dripleaf":10,"minecraft:raw_gold":24,"minecraft:rabbit":4,"minecraft:moss_block":64,"minecraft:prismarine":57,"minecraft:oak_planks":9,"minecraft:stone_hoe":1,"minecraft:glow_lichen":3,"minecraft:music_disc_13":1,"minecraft:sand":71,"minecraft:ink_sac":10,"minecraft:grass_block":1,"minecraft:dark_oak_log":6,"minecraft:polar_bear_spawn_egg":1,"minecraft:dark_prismarine":54,"minecraft:blue_terracotta":7,"minecraft:diamond":8,"minecraft:writable_book":1,"minecraft:dead_brain_coral_block":10,"minecraft:granite":49,"minecraft:bone_meal":5,"minecraft:golden_apple":1,"minecraft:emerald":4,"minecraft:rooted_dirt":14,"minecraft:plenty_pottery_sherd":18,"minecraft:oak_sapling":101,"minecraft:shelter_pottery_sherd":9,"minecraft:bubble_coral_fan":2,"minecraft:chicken":4,"minecraft:clay_ball":280,"minecraft:brown_mushroom":1,"minecraft:mourner_pottery_sherd":21,"minecraft:dead_horn_coral_block":12,"minecraft:fire_coral":1,"minecraft:oak_trapdoor":1,"minecraft:moss_carpet":1,"minecraft:wooden_sword":1,"minecraft:candle":6,"minecraft:beef":4,"minecraft:birch_sapling":5,"minecraft:chest":41,"minecraft:spruce_trapdoor":35,"minecraft:egg":7,"minecraft:raw_iron":41,"minecraft:sandstone":31,"minecraft:music_disc_relic":1,"minecraft:copper_ingot":3,"minecraft:spruce_fence":67,"minecraft:trident":2,"minecraft:redstone":13,"minecraft:prismarine_crystals":50,"minecraft:arrow":3,"minecraft:decorated_pot":3,"minecraft:deepslate_bricks":7,"minecraft:hay_block":8,"minecraft:yellow_terracotta":8,"minecraft:white_wool":14,"minecraft:rail":1,"minecraft:glow_ink_sac":2,"minecraft:salmon":2,"minecraft:leather":5,"minecraft:ice":1,"minecraft:mushroom_stew":2,"minecraft:oak_log":355,"minecraft:orange_terracotta":8,"minecraft:coast_armor_trim_smithing_template":1,"minecraft:apple":18,"minecraft:kelp":3,"minecraft:red_sandstone":13,"minecraft:spore_blossom":3,"minecraft:rabbit_hide":1,"minecraft:oak_fence_gate":9,"minecraft:stone_pickaxe":1,"minecraft:blade_pottery_sherd":6,"minecraft:oak_slab":69,"minecraft:smooth_basalt":3,"minecraft:pumpkin":1,"minecraft:spyglass":1,"minecraft:raw_iron_block":1,"minecraft:dripstone_block":23,"minecraft:gravel":53,"minecraft:brain_coral_fan":2,"minecraft:endermite_spawn_egg":1,"minecraft:dead_fire_coral_block":7,"minecraft:amethyst_shard":16,"minecraft:spruce_sapling":39,"minecraft:white_bed":6,"minecraft:spruce_log":97,"minecraft:spider_eye":1,"minecraft:spruce_door":1,"minecraft:leather_helmet":2,"minecraft:dried_kelp_block":5,"minecraft:snort_pottery_sherd":7,"minecraft:tide_armor_trim_smithing_template":1,"minecraft:dead_bubble_coral_block":11,"minecraft:iron_helmet":2,"minecraft:scute":1,"minecraft:terracotta":15,"minecraft:coal":39}},"DataVersion":3700}