{"stats":{"minecraft:mined":{"minecraft:podzol":20,"minecraft:oak_slab":39,"minecraft:oak_sapling":16,"minecraft:spruce_trapdoor":39,"minecraft:oak_fence":104,"minecraft:clay":17,"minecraft:torch":14,"minecraft:granite":10,"minecraft:spruce_fence":71,"minecraft:calcite":3,"minecraft:grass_block":65,"minecraft:melon":7,"minecraft:chest":6,"minecraft:copper_ore":10,"minecraft:spruce_leaves":45,"minecraft:oak_planks":10,"minecraft:diorite":4,"minecraft:amethyst_block":2,"minecraft:birch_sapling":1,"minecraft:white_terracotta":4,"minecraft:spruce_sapling":10,"minecraft:wheat":2,"minecraft:birch_log":86,"minecraft:iron_ore":3,"minecraft:birch_leaves":3,"minecraft:spruce_log":59,"minecraft:andesite":4,"minecraft:oak_log":236,"minecraft:coal_ore":4,"minecraft:oak_fence_gate":9,"minecraft:oak_stairs":2,"minecraft:gravel":19,"minecraft:dirt":26,"minecraft:stone":21,"minecraft:oak_leaves":152},"minecraft:picked_up":{"minecraft:birch_log":92,"minecraft:wheat":2,"minecraft:feather":4,"minecraft:andesite":5,"minecraft:chicken":2,"minecraft:water_bucket":1,"minecraft:clay_ball":96,"minecraft:leather":2,"minecraft:brown_mushroom":1,"minecraft:oak_stairs":1,"minecraft:flint":3,"minecraft:oak_log":259,"minecraft:amethyst_block":4,"minecraft:string":1,"minecraft:dirt":159,"minecraft:raw_copper":53,"minecraft:bone":4,"minecraft:apple":15,"minecraft:gray_terracotta":4,"minecraft:wheat_seeds":5,"minecraft:rabbit_hide":1,"minecraft:oak_fence_gate":9,"minecraft:beef":4,"minecraft:calcite":7,"minecraft:rabbit":4,"minecraft:spruce_trapdoor":34,"minecraft:birch_sapling":5,"minecraft:melon_slice":35,"minecraft:chest":9,"minecraft:oak_planks":7,"minecraft:egg":7,"minecraft:oak_slab":30,"minecraft:stick":72,"minecraft:raw_iron":8,"minecraft:smooth_basalt":1,"minecraft:music_disc_blocks":1,"minecraft:pumpkin":1,"minecraft:music_disc_relic":1,"minecraft:oak_fence":103,"minecraft:torch":20,"minecraft:spyglass":1,"minecraft:spruce_fence":65,"minecraft:gravel":18,"minecraft:porkchop":1,"minecraft:spruce_sapling":35,"minecraft:grass_block":1,"minecraft:diorite":9,"minecraft:spruce_log":58,"minecraft:rotten_flesh":2,"minecraft:decorated_pot":2,"minecraft:iron_helmet":1,"minecraft:granite":16,"minecraft:white_terracotta":5,"minecraft:terracotta":1,"minecraft:oak_sapling":85,"minecraft:coal":5,"minecraft:snowball":9,"minecraft:cobblestone":47},"minecraft:used":{"minecraft:wheat_seeds":4,"minecraft:oak_trapdoor":1,"minecraft:oak_fence":218,"minecraft:spruce_door":8,"minecraft:water_bucket":9,"minecraft:stone_pickaxe":76,"minecraft:oak_planks":21,"minecraft:decorated_pot":1,"minecraft:chest":2,"minecraft:stone_hoe":56,"minecraft:wooden_shovel":93,"minecraft:torch":15,"minecraft:dirt":278,"minecraft:spyglass":94,"minecraft:oak_slab":736,"minecraft:crafting_table":2,"minecraft:mushroom_stew":11,"minecraft:spruce_fence":125,"minecraft:oak_fence_gate":16,"minecraft:oak_log":4,"minecraft:wooden_axe":54,"minecraft:iron_axe":95,"minecraft:grass_block":1,"minecraft:oak_stairs":22,"minecraft:birch_sapling":4,"minecraft:spruce_trapdoor":46,"minecraft:music_disc_blocks":1,"minecraft:spruce_sapling":19,"minecraft:stone_axe":604,"minecraft:oak_sapling":54,"minecraft:birch_log":47,"minecraft:bucket":8},"minecraft:custom":{"minecraft:interact_with_furnace":7,"minecraft:mob_kills":10,"minecraft:play_record":1,"minecraft:interact_with_crafting_table":80,"minecraft:time_since_death":6538,"minecraft:time_since_rest":6566,"minecraft:sprint_one_cm":426220,"minecraft:damage_taken":3504,"minecraft:walk_one_cm":481472,"minecraft:drop":17,"minecraft:damage_dealt":1109,"minecraft:fly_one_cm":104053,"minecraft:open_chest":83,"minecraft:crouch_one_cm":143495,"minecraft:play_time":179802,"minecraft:deaths":5,"minecraft:sneak_time":42944,"minecraft:walk_under_water_one_cm":7894,"minecraft:jump":771,"minecraft:walk_on_water_one_cm":2802,"minecraft:total_world_time":179802,"minecraft:fall_one_cm":40989},"minecraft:dropped":{"minecraft:stone_hoe":1,"minecraft:brown_mushroom":1,"minecraft:porkchop":1,"minecraft:oak_log":4,"minecraft:decorated_pot":1,"minecraft:music_disc_relic":1,"minecraft:mushroom_stew":2,"minecraft:stick":2,"minecraft:wooden_shovel":1,"minecraft:wooden_sword":1,"minecraft:beef":4,"minecraft:birch_log":19,"minecraft:bucket":1,"minecraft:terracotta":1},"minecraft:killed":{"minecraft:spider":4,"minecraft:zombie":3,"minecraft:stray":1,"minecraft:cow":1},"minecraft:killed_by":{"minecraft:player":1},"minecraft:broken":{"minecraft:wooden_shovel":1,"minecraft:stone_axe":4,"minecraft:wooden_axe":1},"minecraft:crafted":{"minecraft:oak_slab":720,"minecraft:oak_planks":792,"minecraft:wooden_shovel":2,"minecraft:crafting_table":2,"minecraft:spruce_planks":316,"minecraft:spruce_door":9,"minecraft:bowl":4,"minecraft:bucket":1,"minecraft:birch_planks":144,"minecraft:spruce_fence":153,"minecraft:stone_axe":5,"minecraft:air":0,"minecraft:oak_trapdoor":2,"minecraft:oak_fence_gate":16,"minecraft:spruce_trapdoor":30,"minecraft:iron_axe":1,"minecraft:stick":340,"minecraft:iron_ingot":21,"minecraft:oak_stairs":36,"minecraft:stone_pickaxe":1,"minecraft:wooden_axe":1,"minecraft:stone_hoe":1,"minecraft:oak_fence":222}},"DataVersion":3700}