{"stats":{"minecraft:mined":{"minecraft:oak_slab":3,"minecraft:grass_block":6,"minecraft:oak_log":6,"minecraft:chest":1,"minecraft:oak_stairs":1},"minecraft:used":{"minecraft:water_bucket":3,"minecraft:dirt":7,"minecraft:oak_slab":72,"minecraft:oak_stairs":4,"minecraft:oak_planks":3,"minecraft:bucket":3,"minecraft:chest":2,"minecraft:wooden_shovel":3,"minecraft:oak_trapdoor":1},"minecraft:picked_up":{"minecraft:oak_slab":4,"minecraft:water_bucket":1,"minecraft:oak_log":6,"minecraft:chest":2,"minecraft:dirt":20},"minecraft:custom":{"minecraft:time_since_rest":8146,"minecraft:open_chest":7,"minecraft:sprint_one_cm":1755,"minecraft:crouch_one_cm":14213,"minecraft:deaths":2,"minecraft:play_time":11802,"minecraft:damage_taken":480,"minecraft:walk_one_cm":8878,"minecraft:sneak_time":5412,"minecraft:walk_under_water_one_cm":7848,"minecraft:drop":1,"minecraft:jump":11,"minecraft:walk_on_water_one_cm":2126,"minecraft:time_since_death":8116,"minecraft:total_world_time":11802,"minecraft:fly_one_cm":132,"minecraft:interact_with_crafting_table":8},"minecraft:dropped":{"minecraft:wooden_shovel":1},"minecraft:crafted":{"minecraft:oak_slab":102,"minecraft:oak_planks":68,"minecraft:oak_trapdoor":2,"minecraft:oak_stairs":4}},"DataVersion":3700}