{"stats":{"minecraft:broken":{"minecraft:wooden_shovel":2,"minecraft:stone_hoe":1,"minecraft:iron_axe":1,"minecraft:stone_axe":4,"minecraft:iron_pickaxe":2,"minecraft:wooden_axe":1},"minecraft:dropped":{"minecraft:stone_hoe":1,"minecraft:porkchop":1,"minecraft:brown_mushroom":1,"minecraft:lapis_lazuli":3,"minecraft:oak_log":4,"minecraft:decorated_pot":1,"minecraft:music_disc_relic":1,"minecraft:iron_helmet":1,"minecraft:tropical_fish":2,"minecraft:polar_bear_spawn_egg":2,"minecraft:mushroom_stew":2,"minecraft:cod":1,"minecraft:stick":2,"minecraft:bone_meal":3,"minecraft:wooden_sword":2,"minecraft:axolotl_bucket":2,"minecraft:amethyst_shard":16,"minecraft:birch_log":19,"minecraft:bucket":1,"minecraft:tropical_fish_bucket":1,"minecraft:cobbled_deepslate":2,"minecraft:pointed_dripstone":4,"minecraft:endermite_spawn_egg":2,"minecraft:oak_sapling":3,"minecraft:wooden_shovel":1,"minecraft:beef":4,"minecraft:cooked_rabbit":3,"minecraft:terracotta":1},"minecraft:mined":{"minecraft:deepslate_tiles":6,"minecraft:diamond_ore":3,"minecraft:tuff":17,"minecraft:white_bed":6,"minecraft:oak_sapling":17,"minecraft:deepslate_diamond_ore":5,"minecraft:spruce_trapdoor":40,"minecraft:granite":20,"minecraft:budding_amethyst":2,"minecraft:acacia_log":5,"minecraft:grass_block":78,"minecraft:spruce_fence":73,"minecraft:deepslate_bricks":28,"minecraft:spruce_leaves":56,"minecraft:moss_block":88,"minecraft:rooted_dirt":15,"minecraft:spruce_sapling":11,"minecraft:iron_ore":18,"minecraft:snow":14,"minecraft:green_terracotta":11,"minecraft:andesite":21,"minecraft:deepslate_lapis_ore":12,"minecraft:deepslate_iron_ore":12,"minecraft:rail":1,"minecraft:oak_stairs":2,"minecraft:packed_ice":4,"minecraft:stone":60,"minecraft:podzol":24,"minecraft:oak_slab":51,"minecraft:powder_snow":1,"minecraft:oak_fence":124,"minecraft:clay":18,"minecraft:torch":15,"minecraft:light_gray_terracotta":9,"minecraft:short_grass":1,"minecraft:calcite":26,"minecraft:melon":7,"minecraft:chest":15,"minecraft:tall_grass":1,"minecraft:copper_ore":43,"minecraft:deepslate_coal_ore":13,"minecraft:deepslate_gold_ore":6,"minecraft:lapis_ore":7,"minecraft:oak_planks":12,"minecraft:diorite":23,"minecraft:amethyst_block":23,"minecraft:deepslate_copper_ore":7,"minecraft:birch_sapling":1,"minecraft:white_terracotta":7,"minecraft:birch_log":90,"minecraft:wheat":6,"minecraft:blue_ice":4,"minecraft:spruce_log":95,"minecraft:birch_leaves":3,"minecraft:oak_log":329,"minecraft:coal_ore":20,"minecraft:oak_fence_gate":9,"minecraft:gravel":29,"minecraft:dripstone_block":58,"minecraft:dirt":30,"minecraft:smooth_basalt":10,"minecraft:terracotta":1,"minecraft:raw_copper_block":1,"minecraft:gold_ore":5,"minecraft:oak_leaves":181,"minecraft:deepslate":20,"minecraft:suspicious_gravel":29},"minecraft:used":{"minecraft:oak_trapdoor":1,"minecraft:oak_fence":282,"minecraft:decorated_pot":1,"minecraft:chest":16,"minecraft:iron_sword":10,"minecraft:cooked_chicken":1,"minecraft:wooden_shovel":152,"minecraft:stone_hoe":90,"minecraft:torch":28,"minecraft:dirt":321,"minecraft:spyglass":177,"minecraft:hopper":2,"minecraft:snowball":1,"minecraft:spruce_fence":127,"minecraft:oak_fence_gate":16,"minecraft:wooden_axe":54,"minecraft:iron_axe":332,"minecraft:oak_stairs":22,"minecraft:grass_block":1,"minecraft:birch_sapling":4,"minecraft:oak_sapling":64,"minecraft:wheat_seeds":24,"minecraft:water_bucket":24,"minecraft:spruce_door":12,"minecraft:stone_pickaxe":191,"minecraft:oak_planks":23,"minecraft:oak_slab":792,"minecraft:crafting_table":2,"minecraft:mushroom_stew":21,"minecraft:white_bed":8,"minecraft:oak_log":33,"minecraft:wooden_hoe":20,"minecraft:iron_pickaxe":497,"minecraft:leather_helmet":1,"minecraft:spruce_trapdoor":55,"minecraft:spruce_sapling":33,"minecraft:music_disc_blocks":1,"minecraft:stone_axe":604,"minecraft:cooked_rabbit":4,"minecraft:bucket":28,"minecraft:birch_log":47,"minecraft:ice":1,"minecraft:tropical_fish_bucket":2,"minecraft:bone_meal":6},"minecraft:custom":{"minecraft:mob_kills":22,"minecraft:animals_bred":4,"minecraft:interact_with_crafting_table":104,"minecraft:damage_dealt_resisted":23,"minecraft:leave_game":1,"minecraft:time_since_death":3543,"minecraft:sprint_one_cm":666540,"minecraft:walk_one_cm":694326,"minecraft:drop":44,"minecraft:play_time":314047,"minecraft:deaths":7,"minecraft:sneak_time":49404,"minecraft:walk_under_water_one_cm":7894,"minecraft:jump":1315,"minecraft:interact_with_blast_furnace":2,"minecraft:walk_on_water_one_cm":3079,"minecraft:total_world_time":314047,"minecraft:interact_with_furnace":15,"minecraft:play_record":1,"minecraft:sleep_in_bed":1,"minecraft:time_since_rest":3577,"minecraft:damage_taken":4599,"minecraft:damage_dealt":2805,"minecraft:fly_one_cm":192642,"minecraft:open_chest":185,"minecraft:crouch_one_cm":169886,"minecraft:fall_one_cm":54420},"minecraft:crafted":{"minecraft:oak_planks":992,"minecraft:cooked_chicken":1,"minecraft:bone_meal":3,"minecraft:spruce_fence":153,"minecraft:oak_trapdoor":2,"minecraft:hopper":2,"minecraft:iron_axe":2,"minecraft:stone_pickaxe":1,"minecraft:chest":8,"minecraft:stone_hoe":1,"minecraft:oak_fence":324,"minecraft:golden_helmet":1,"minecraft:cooked_rabbit":7,"minecraft:oak_slab":744,"minecraft:wooden_shovel":3,"minecraft:crafting_table":2,"minecraft:spruce_planks":464,"minecraft:spruce_door":15,"minecraft:bowl":4,"minecraft:leather_helmet":1,"minecraft:bucket":3,"minecraft:birch_planks":180,"minecraft:stone_axe":5,"minecraft:air":0,"minecraft:oak_fence_gate":16,"minecraft:spruce_trapdoor":46,"minecraft:wooden_hoe":1,"minecraft:stick":420,"minecraft:iron_pickaxe":2,"minecraft:iron_ingot":21,"minecraft:oak_stairs":36,"minecraft:wooden_axe":1,"minecraft:white_bed":4,"minecraft:shears":1},"minecraft:killed":{"minecraft:spider":5,"minecraft:skeleton":2,"minecraft:fox":1,"minecraft:chicken":2,"minecraft:creeper":2,"minecraft:zombie":6,"minecraft:stray":2,"minecraft:cow":1},"minecraft:picked_up":{"minecraft:wheat":8,"minecraft:chicken":4,"minecraft:clay_ball":96,"minecraft:brown_mushroom":1,"minecraft:oak_stairs":1,"minecraft:amethyst_block":11,"minecraft:string":1,"minecraft:raw_copper":132,"minecraft:wooden_sword":1,"minecraft:deepslate_tiles":1,"minecraft:cobbled_deepslate":12,"minecraft:beef":4,"minecraft:calcite":24,"minecraft:melon_slice":35,"minecraft:birch_sapling":5,"minecraft:chest":15,"minecraft:spruce_trapdoor":35,"minecraft:egg":7,"minecraft:golden_helmet":2,"minecraft:tipped_arrow":1,"minecraft:stick":82,"minecraft:raw_iron":24,"minecraft:music_disc_blocks":1,"minecraft:music_disc_relic":1,"minecraft:oak_fence":118,"minecraft:torch":25,"minecraft:acacia_log":5,"minecraft:spruce_fence":67,"minecraft:porkchop":1,"minecraft:pointed_dripstone":4,"minecraft:diorite":9,"minecraft:green_terracotta":8,"minecraft:arrow":3,"minecraft:rotten_flesh":5,"minecraft:tropical_fish":4,"minecraft:decorated_pot":3,"minecraft:deepslate_bricks":7,"minecraft:white_terracotta":8,"minecraft:cod":1,"minecraft:snowball":79,"minecraft:white_wool":13,"minecraft:cobblestone":52,"minecraft:birch_log":94,"minecraft:feather":5,"minecraft:water_bucket":2,"minecraft:andesite":9,"minecraft:leather":2,"minecraft:ice":1,"minecraft:mushroom_stew":2,"minecraft:flint":3,"minecraft:tuff":9,"minecraft:oak_log":344,"minecraft:lapis_lazuli":37,"minecraft:dirt":175,"minecraft:bone":7,"minecraft:apple":18,"minecraft:gray_terracotta":4,"minecraft:wheat_seeds":25,"minecraft:raw_gold":7,"minecraft:rabbit_hide":1,"minecraft:oak_fence_gate":9,"minecraft:rabbit":4,"minecraft:moss_block":24,"minecraft:stone_hoe":1,"minecraft:oak_planks":9,"minecraft:oak_slab":47,"minecraft:smooth_basalt":1,"minecraft:pumpkin":1,"minecraft:spyglass":1,"minecraft:dripstone_block":8,"minecraft:gravel":25,"minecraft:endermite_spawn_egg":1,"minecraft:amethyst_shard":16,"minecraft:polar_bear_spawn_egg":1,"minecraft:spider_eye":1,"minecraft:spruce_sapling":39,"minecraft:white_bed":6,"minecraft:grass_block":1,"minecraft:spruce_log":96,"minecraft:leather_helmet":2,"minecraft:spruce_door":1,"minecraft:iron_helmet":1,"minecraft:granite":28,"minecraft:bone_meal":3,"minecraft:rooted_dirt":6,"minecraft:terracotta":1,"minecraft:oak_sapling":100,"minecraft:coal":17},"minecraft:killed_by":{"minecraft:player":1,"minecraft:zombie":1}},"DataVersion":3700}