{"stats":{"minecraft:mined":{"minecraft:podzol":20,"minecraft:oak_slab":38,"minecraft:oak_sapling":12,"minecraft:oak_fence":33,"minecraft:clay":17,"minecraft:torch":4,"minecraft:granite":10,"minecraft:spruce_fence":2,"minecraft:calcite":3,"minecraft:grass_block":62,"minecraft:melon":7,"minecraft:chest":6,"minecraft:copper_ore":10,"minecraft:spruce_leaves":45,"minecraft:oak_planks":10,"minecraft:diorite":4,"minecraft:amethyst_block":2,"minecraft:birch_sapling":1,"minecraft:spruce_sapling":8,"minecraft:birch_log":43,"minecraft:iron_ore":3,"minecraft:birch_leaves":3,"minecraft:spruce_log":59,"minecraft:andesite":4,"minecraft:oak_log":113,"minecraft:coal_ore":4,"minecraft:oak_stairs":2,"minecraft:gravel":19,"minecraft:dirt":25,"minecraft:stone":20,"minecraft:oak_leaves":56},"minecraft:used":{"minecraft:oak_trapdoor":1,"minecraft:oak_fence":153,"minecraft:water_bucket":9,"minecraft:stone_pickaxe":69,"minecraft:oak_planks":21,"minecraft:chest":2,"minecraft:stone_hoe":56,"minecraft:wooden_shovel":93,"minecraft:torch":5,"minecraft:dirt":256,"minecraft:spyglass":59,"minecraft:oak_slab":701,"minecraft:crafting_table":1,"minecraft:mushroom_stew":8,"minecraft:spruce_fence":7,"minecraft:oak_fence_gate":9,"minecraft:oak_log":4,"minecraft:wooden_axe":54,"minecraft:grass_block":1,"minecraft:oak_stairs":13,"minecraft:birch_sapling":4,"minecraft:spruce_trapdoor":10,"minecraft:music_disc_blocks":1,"minecraft:spruce_sapling":9,"minecraft:stone_axe":305,"minecraft:oak_sapling":34,"minecraft:birch_log":4,"minecraft:bucket":8},"minecraft:picked_up":{"minecraft:birch_log":53,"minecraft:feather":4,"minecraft:andesite":5,"minecraft:chicken":2,"minecraft:water_bucket":1,"minecraft:clay_ball":96,"minecraft:brown_mushroom":1,"minecraft:oak_stairs":1,"minecraft:flint":3,"minecraft:oak_log":143,"minecraft:amethyst_block":4,"minecraft:string":1,"minecraft:dirt":157,"minecraft:raw_copper":53,"minecraft:bone":4,"minecraft:gray_terracotta":4,"minecraft:beef":4,"minecraft:calcite":7,"minecraft:rabbit":3,"minecraft:birch_sapling":5,"minecraft:melon_slice":35,"minecraft:chest":9,"minecraft:oak_planks":7,"minecraft:egg":7,"minecraft:oak_slab":29,"minecraft:stick":29,"minecraft:raw_iron":8,"minecraft:smooth_basalt":1,"minecraft:music_disc_blocks":1,"minecraft:pumpkin":1,"minecraft:music_disc_relic":1,"minecraft:oak_fence":33,"minecraft:torch":4,"minecraft:spyglass":1,"minecraft:spruce_fence":3,"minecraft:gravel":18,"minecraft:porkchop":1,"minecraft:spruce_sapling":34,"minecraft:grass_block":1,"minecraft:diorite":9,"minecraft:spruce_log":58,"minecraft:granite":16,"minecraft:terracotta":1,"minecraft:oak_sapling":36,"minecraft:coal":5,"minecraft:cobblestone":46},"minecraft:custom":{"minecraft:interact_with_furnace":3,"minecraft:mob_kills":7,"minecraft:play_record":1,"minecraft:interact_with_crafting_table":65,"minecraft:time_since_death":1436,"minecraft:time_since_rest":1466,"minecraft:sprint_one_cm":288264,"minecraft:damage_taken":3184,"minecraft:walk_one_cm":285992,"minecraft:drop":14,"minecraft:damage_dealt":636,"minecraft:fly_one_cm":73512,"minecraft:open_chest":62,"minecraft:crouch_one_cm":117045,"minecraft:play_time":119802,"minecraft:deaths":4,"minecraft:sneak_time":32485,"minecraft:walk_under_water_one_cm":7894,"minecraft:jump":436,"minecraft:walk_on_water_one_cm":2802,"minecraft:total_world_time":119802,"minecraft:fall_one_cm":34643},"minecraft:dropped":{"minecraft:stone_hoe":1,"minecraft:porkchop":1,"minecraft:oak_log":4,"minecraft:music_disc_relic":1,"minecraft:mushroom_stew":2,"minecraft:stick":2,"minecraft:wooden_shovel":1,"minecraft:beef":4,"minecraft:birch_log":19,"minecraft:bucket":1,"minecraft:terracotta":1},"minecraft:killed":{"minecraft:spider":4,"minecraft:zombie":2},"minecraft:killed_by":{"minecraft:player":1},"minecraft:broken":{"minecraft:wooden_shovel":1,"minecraft:stone_axe":1,"minecraft:wooden_axe":1},"minecraft:crafted":{"minecraft:oak_slab":720,"minecraft:oak_planks":644,"minecraft:wooden_shovel":2,"minecraft:crafting_table":1,"minecraft:spruce_planks":56,"minecraft:bowl":4,"minecraft:bucket":1,"minecraft:birch_planks":72,"minecraft:spruce_fence":6,"minecraft:stone_axe":3,"minecraft:oak_trapdoor":2,"minecraft:oak_fence_gate":9,"minecraft:spruce_trapdoor":12,"minecraft:stick":196,"minecraft:oak_stairs":12,"minecraft:stone_pickaxe":1,"minecraft:wooden_axe":1,"minecraft:stone_hoe":1,"minecraft:oak_fence":162}},"DataVersion":3700}