{"stats":{"minecraft:mined":{"minecraft:podzol":20,"minecraft:oak_slab":8,"minecraft:oak_sapling":11,"minecraft:oak_fence":6,"minecraft:clay":17,"minecraft:granite":7,"minecraft:calcite":1,"minecraft:grass_block":62,"minecraft:melon":7,"minecraft:chest":5,"minecraft:copper_ore":9,"minecraft:diorite":3,"minecraft:amethyst_block":2,"minecraft:birch_log":12,"minecraft:iron_ore":2,"minecraft:andesite":2,"minecraft:oak_log":51,"minecraft:coal_ore":4,"minecraft:oak_stairs":2,"minecraft:gravel":19,"minecraft:dirt":14,"minecraft:stone":17,"minecraft:oak_leaves":4},"minecraft:used":{"minecraft:oak_trapdoor":1,"minecraft:oak_fence":81,"minecraft:water_bucket":3,"minecraft:stone_pickaxe":55,"minecraft:oak_planks":9,"minecraft:chest":2,"minecraft:wooden_shovel":89,"minecraft:dirt":144,"minecraft:spyglass":6,"minecraft:oak_slab":301,"minecraft:crafting_table":1,"minecraft:mushroom_stew":2,"minecraft:wooden_axe":42,"minecraft:oak_stairs":13,"minecraft:birch_sapling":2,"minecraft:stone_axe":36,"minecraft:oak_sapling":15,"minecraft:birch_log":4,"minecraft:bucket":3},"minecraft:picked_up":{"minecraft:birch_log":20,"minecraft:feather":4,"minecraft:andesite":3,"minecraft:chicken":2,"minecraft:water_bucket":1,"minecraft:clay_ball":96,"minecraft:brown_mushroom":1,"minecraft:oak_stairs":1,"minecraft:flint":3,"minecraft:oak_log":66,"minecraft:amethyst_block":4,"minecraft:dirt":149,"minecraft:raw_copper":44,"minecraft:calcite":4,"minecraft:rabbit":2,"minecraft:melon_slice":35,"minecraft:chest":8,"minecraft:egg":2,"minecraft:oak_slab":8,"minecraft:stick":5,"minecraft:raw_iron":3,"minecraft:smooth_basalt":1,"minecraft:pumpkin":1,"minecraft:oak_fence":6,"minecraft:spyglass":1,"minecraft:gravel":18,"minecraft:diorite":6,"minecraft:granite":10,"minecraft:oak_sapling":16,"minecraft:coal":5,"minecraft:cobblestone":40},"minecraft:custom":{"minecraft:interact_with_furnace":3,"minecraft:mob_kills":4,"minecraft:interact_with_crafting_table":29,"minecraft:time_since_death":44116,"minecraft:time_since_rest":44146,"minecraft:sprint_one_cm":89185,"minecraft:damage_taken":494,"minecraft:walk_one_cm":87110,"minecraft:drop":6,"minecraft:damage_dealt":323,"minecraft:fly_one_cm":27504,"minecraft:open_chest":32,"minecraft:crouch_one_cm":47276,"minecraft:play_time":47802,"minecraft:deaths":2,"minecraft:sneak_time":13435,"minecraft:walk_under_water_one_cm":7848,"minecraft:jump":125,"minecraft:walk_on_water_one_cm":2126,"minecraft:total_world_time":47802,"minecraft:fall_one_cm":3344},"minecraft:dropped":{"minecraft:oak_log":4,"minecraft:mushroom_stew":2,"minecraft:stick":2,"minecraft:wooden_shovel":1},"minecraft:killed":{"minecraft:spider":2,"minecraft:zombie":2},"minecraft:broken":{"minecraft:wooden_shovel":1},"minecraft:crafted":{"minecraft:oak_slab":294,"minecraft:oak_planks":332,"minecraft:wooden_shovel":2,"minecraft:crafting_table":1,"minecraft:bowl":4,"minecraft:birch_planks":4,"minecraft:stone_axe":1,"minecraft:oak_trapdoor":2,"minecraft:stick":60,"minecraft:oak_stairs":12,"minecraft:stone_pickaxe":1,"minecraft:wooden_axe":1,"minecraft:oak_fence":75}},"DataVersion":3700}