{"stats":{"minecraft:broken":{"minecraft:wooden_shovel":2,"minecraft:stone_hoe":1,"minecraft:stone_axe":4,"minecraft:wooden_axe":1},"minecraft:dropped":{"minecraft:stone_hoe":1,"minecraft:porkchop":1,"minecraft:brown_mushroom":1,"minecraft:oak_log":4,"minecraft:decorated_pot":1,"minecraft:music_disc_relic":1,"minecraft:iron_helmet":1,"minecraft:mushroom_stew":2,"minecraft:cod":1,"minecraft:stick":2,"minecraft:wooden_sword":2,"minecraft:birch_log":19,"minecraft:bucket":1,"minecraft:cobbled_deepslate":2,"minecraft:wooden_shovel":1,"minecraft:beef":4,"minecraft:cooked_rabbit":3,"minecraft:terracotta":1},"minecraft:mined":{"minecraft:deepslate_tiles":6,"minecraft:tuff":3,"minecraft:white_bed":5,"minecraft:oak_sapling":17,"minecraft:deepslate_diamond_ore":3,"minecraft:spruce_trapdoor":40,"minecraft:granite":18,"minecraft:budding_amethyst":1,"minecraft:grass_block":76,"minecraft:spruce_fence":73,"minecraft:deepslate_bricks":28,"minecraft:spruce_leaves":56,"minecraft:spruce_sapling":11,"minecraft:iron_ore":6,"minecraft:snow":14,"minecraft:andesite":7,"minecraft:deepslate_lapis_ore":2,"minecraft:deepslate_iron_ore":3,"minecraft:rail":1,"minecraft:oak_stairs":2,"minecraft:packed_ice":4,"minecraft:stone":43,"minecraft:podzol":24,"minecraft:oak_slab":50,"minecraft:powder_snow":1,"minecraft:oak_fence":124,"minecraft:clay":18,"minecraft:torch":15,"minecraft:short_grass":1,"minecraft:calcite":18,"minecraft:melon":7,"minecraft:chest":10,"minecraft:tall_grass":1,"minecraft:copper_ore":19,"minecraft:oak_planks":12,"minecraft:diorite":9,"minecraft:amethyst_block":14,"minecraft:deepslate_copper_ore":1,"minecraft:birch_sapling":1,"minecraft:white_terracotta":7,"minecraft:birch_log":88,"minecraft:wheat":6,"minecraft:blue_ice":4,"minecraft:spruce_log":94,"minecraft:birch_leaves":3,"minecraft:oak_log":322,"minecraft:coal_ore":6,"minecraft:oak_fence_gate":9,"minecraft:gravel":28,"minecraft:dripstone_block":5,"minecraft:dirt":30,"minecraft:smooth_basalt":6,"minecraft:terracotta":1,"minecraft:raw_copper_block":1,"minecraft:oak_leaves":181,"minecraft:deepslate":6,"minecraft:suspicious_gravel":9},"minecraft:used":{"minecraft:oak_trapdoor":1,"minecraft:oak_fence":282,"minecraft:decorated_pot":1,"minecraft:chest":15,"minecraft:cooked_chicken":1,"minecraft:wooden_shovel":152,"minecraft:stone_hoe":90,"minecraft:torch":28,"minecraft:dirt":321,"minecraft:spyglass":156,"minecraft:hopper":2,"minecraft:spruce_fence":127,"minecraft:oak_fence_gate":16,"minecraft:wooden_axe":54,"minecraft:iron_axe":301,"minecraft:oak_stairs":22,"minecraft:grass_block":1,"minecraft:birch_sapling":4,"minecraft:oak_sapling":62,"minecraft:wheat_seeds":24,"minecraft:water_bucket":14,"minecraft:spruce_door":12,"minecraft:stone_pickaxe":191,"minecraft:oak_planks":23,"minecraft:oak_slab":781,"minecraft:crafting_table":2,"minecraft:mushroom_stew":19,"minecraft:white_bed":7,"minecraft:oak_log":33,"minecraft:wooden_hoe":20,"minecraft:iron_pickaxe":93,"minecraft:leather_helmet":1,"minecraft:spruce_trapdoor":55,"minecraft:spruce_sapling":33,"minecraft:music_disc_blocks":1,"minecraft:stone_axe":604,"minecraft:cooked_rabbit":4,"minecraft:bucket":13,"minecraft:birch_log":47,"minecraft:ice":1,"minecraft:bone_meal":6},"minecraft:custom":{"minecraft:mob_kills":15,"minecraft:animals_bred":4,"minecraft:interact_with_crafting_table":99,"minecraft:leave_game":1,"minecraft:time_since_death":116783,"minecraft:sprint_one_cm":628919,"minecraft:walk_one_cm":665219,"minecraft:drop":25,"minecraft:play_time":290047,"minecraft:deaths":5,"minecraft:sneak_time":48705,"minecraft:walk_under_water_one_cm":7894,"minecraft:jump":1192,"minecraft:interact_with_blast_furnace":2,"minecraft:walk_on_water_one_cm":2858,"minecraft:total_world_time":290047,"minecraft:interact_with_furnace":15,"minecraft:play_record":1,"minecraft:sleep_in_bed":1,"minecraft:time_since_rest":10779,"minecraft:damage_taken":3921,"minecraft:damage_dealt":1755,"minecraft:fly_one_cm":176982,"minecraft:open_chest":138,"minecraft:crouch_one_cm":166627,"minecraft:fall_one_cm":50217},"minecraft:crafted":{"minecraft:oak_planks":992,"minecraft:cooked_chicken":1,"minecraft:bone_meal":3,"minecraft:spruce_fence":153,"minecraft:oak_trapdoor":2,"minecraft:hopper":2,"minecraft:iron_axe":1,"minecraft:stone_pickaxe":1,"minecraft:chest":8,"minecraft:stone_hoe":1,"minecraft:oak_fence":324,"minecraft:golden_helmet":1,"minecraft:cooked_rabbit":7,"minecraft:oak_slab":744,"minecraft:wooden_shovel":3,"minecraft:crafting_table":2,"minecraft:spruce_planks":464,"minecraft:spruce_door":15,"minecraft:bowl":4,"minecraft:leather_helmet":1,"minecraft:bucket":1,"minecraft:birch_planks":180,"minecraft:stone_axe":5,"minecraft:air":0,"minecraft:oak_fence_gate":16,"minecraft:spruce_trapdoor":46,"minecraft:wooden_hoe":1,"minecraft:stick":412,"minecraft:iron_pickaxe":1,"minecraft:iron_ingot":21,"minecraft:oak_stairs":36,"minecraft:wooden_axe":1,"minecraft:white_bed":4,"minecraft:shears":1},"minecraft:killed":{"minecraft:spider":4,"minecraft:skeleton":1,"minecraft:fox":1,"minecraft:creeper":2,"minecraft:zombie":3,"minecraft:stray":2,"minecraft:cow":1},"minecraft:picked_up":{"minecraft:wheat":8,"minecraft:chicken":2,"minecraft:clay_ball":96,"minecraft:brown_mushroom":1,"minecraft:oak_stairs":1,"minecraft:amethyst_block":11,"minecraft:string":1,"minecraft:raw_copper":94,"minecraft:wooden_sword":1,"minecraft:deepslate_tiles":1,"minecraft:cobbled_deepslate":5,"minecraft:beef":4,"minecraft:calcite":18,"minecraft:melon_slice":35,"minecraft:birch_sapling":5,"minecraft:chest":13,"minecraft:spruce_trapdoor":35,"minecraft:egg":7,"minecraft:golden_helmet":2,"minecraft:tipped_arrow":1,"minecraft:stick":82,"minecraft:raw_iron":16,"minecraft:music_disc_blocks":1,"minecraft:music_disc_relic":1,"minecraft:oak_fence":118,"minecraft:torch":25,"minecraft:spruce_fence":67,"minecraft:porkchop":1,"minecraft:diorite":9,"minecraft:rotten_flesh":2,"minecraft:decorated_pot":3,"minecraft:deepslate_bricks":7,"minecraft:white_terracotta":8,"minecraft:cod":1,"minecraft:snowball":79,"minecraft:white_wool":13,"minecraft:cobblestone":47,"minecraft:birch_log":92,"minecraft:feather":4,"minecraft:water_bucket":2,"minecraft:andesite":5,"minecraft:leather":2,"minecraft:ice":1,"minecraft:mushroom_stew":2,"minecraft:flint":3,"minecraft:oak_log":344,"minecraft:dirt":174,"minecraft:bone":5,"minecraft:apple":18,"minecraft:gray_terracotta":4,"minecraft:wheat_seeds":25,"minecraft:raw_gold":4,"minecraft:rabbit_hide":1,"minecraft:oak_fence_gate":9,"minecraft:rabbit":4,"minecraft:stone_hoe":1,"minecraft:oak_planks":9,"minecraft:oak_slab":46,"minecraft:smooth_basalt":1,"minecraft:pumpkin":1,"minecraft:spyglass":1,"minecraft:gravel":25,"minecraft:spruce_sapling":39,"minecraft:white_bed":5,"minecraft:grass_block":1,"minecraft:spruce_log":95,"minecraft:leather_helmet":1,"minecraft:spruce_door":1,"minecraft:iron_helmet":1,"minecraft:granite":27,"minecraft:terracotta":1,"minecraft:oak_sapling":97,"minecraft:coal":5},"minecraft:killed_by":{"minecraft:player":1}},"DataVersion":3700}