{"stats":{"minecraft:mined":{"minecraft:deepslate_tiles":10,"minecraft:diamond_ore":4,"minecraft:tuff":17,"minecraft:oak_sapling":8,"minecraft:dark_oak_log":9,"minecraft:granite":67,"minecraft:budding_amethyst":12,"minecraft:grass_block":161,"minecraft:spruce_fence":1,"minecraft:decorated_pot":14,"minecraft:deepslate_bricks":15,"minecraft:spruce_leaves":18,"minecraft:deepslate_brick_slab":2,"minecraft:raw_iron_block":1,"minecraft:oak_trapdoor":1,"minecraft:spruce_sapling":3,"minecraft:raw_gold_block":5,"minecraft:iron_ore":50,"minecraft:snow":1,"minecraft:andesite":62,"minecraft:pumpkin":5,"minecraft:deepslate_lapis_ore":8,"minecraft:deepslate_iron_ore":21,"minecraft:packed_ice":23,"minecraft:stone":208,"minecraft:podzol":16,"minecraft:oak_slab":2,"minecraft:gray_terracotta":8,"minecraft:snow_block":81,"minecraft:powder_snow":6,"minecraft:oak_fence":1,"minecraft:clay":17,"minecraft:torch":9,"minecraft:calcite":62,"minecraft:melon":8,"minecraft:chest":43,"minecraft:copper_ore":66,"minecraft:cobblestone":31,"minecraft:deepslate_coal_ore":16,"minecraft:deepslate_gold_ore":20,"minecraft:diorite":69,"minecraft:wall_torch":3,"minecraft:amethyst_block":76,"minecraft:deepslate_copper_ore":13,"minecraft:white_terracotta":24,"minecraft:blue_terracotta":3,"minecraft:birch_log":29,"minecraft:wheat":13,"minecraft:blue_ice":14,"minecraft:spruce_log":28,"minecraft:coal_ore":26,"minecraft:oak_log":142,"minecraft:gravel":84,"minecraft:dripstone_block":7,"minecraft:dirt":42,"minecraft:smooth_basalt":29,"minecraft:terracotta":21,"minecraft:raw_copper_block":2,"minecraft:gold_ore":11,"minecraft:deepslate":73,"minecraft:oak_leaves":99,"minecraft:suspicious_gravel":27},"minecraft:picked_up":{"minecraft:crafting_table":1,"minecraft:wheat":12,"minecraft:clay_ball":40,"minecraft:brown_mushroom":1,"minecraft:wooden_pickaxe":1,"minecraft:cooked_rabbit":3,"minecraft:brick":3,"minecraft:amethyst_block":128,"minecraft:string":2,"minecraft:oak_trapdoor":4,"minecraft:raw_copper":250,"minecraft:wooden_sword":1,"minecraft:deepslate_tiles":10,"minecraft:cobbled_deepslate":75,"minecraft:bucket":1,"minecraft:beef":5,"minecraft:calcite":93,"minecraft:azalea":1,"minecraft:wooden_shovel":1,"minecraft:melon_slice":41,"minecraft:chest":42,"minecraft:birch_sapling":3,"minecraft:phantom_membrane":2,"minecraft:spruce_trapdoor":5,"minecraft:raw_copper_block":3,"minecraft:egg":8,"minecraft:tipped_arrow":4,"minecraft:sheaf_pottery_sherd":6,"minecraft:stick":29,"minecraft:raw_iron":61,"minecraft:music_disc_blocks":1,"minecraft:raw_gold_block":5,"minecraft:music_disc_relic":2,"minecraft:oak_fence":1,"minecraft:torch":15,"minecraft:snow_block":30,"minecraft:spruce_fence":3,"minecraft:porkchop":2,"minecraft:diorite":67,"minecraft:howl_pottery_sherd":5,"minecraft:arrow":14,"minecraft:rotten_flesh":11,"minecraft:decorated_pot":10,"minecraft:deepslate_bricks":15,"minecraft:carved_pumpkin":2,"minecraft:white_terracotta":23,"minecraft:cod":1,"minecraft:snowball":268,"minecraft:rail":1,"minecraft:cobblestone":227,"minecraft:heartbreak_pottery_sherd":1,"minecraft:birch_log":44,"minecraft:feather":13,"minecraft:water_bucket":1,"minecraft:andesite":110,"minecraft:mushroom_stew":4,"minecraft:flint":11,"minecraft:tuff":19,"minecraft:oak_log":150,"minecraft:gunpowder":5,"minecraft:lapis_lazuli":52,"minecraft:dirt":182,"minecraft:bone":10,"minecraft:apple":1,"minecraft:gray_terracotta":4,"minecraft:bow":3,"minecraft:deepslate_brick_slab":2,"minecraft:wheat_seeds":36,"minecraft:raw_gold":29,"minecraft:rabbit_hide":3,"minecraft:rabbit":4,"minecraft:stone_hoe":2,"minecraft:oak_slab":3,"minecraft:smooth_basalt":50,"minecraft:pumpkin":7,"minecraft:budding_amethyst":2,"minecraft:dripstone_block":9,"minecraft:spyglass":1,"minecraft:raw_iron_block":1,"minecraft:gravel":155,"minecraft:spruce_sapling":11,"minecraft:spruce_log":26,"minecraft:dark_oak_log":9,"minecraft:spider_eye":1,"minecraft:pumpkin_seeds":4,"minecraft:blue_terracotta":3,"minecraft:diamond":4,"minecraft:iron_helmet":1,"minecraft:granite":58,"minecraft:terracotta":22,"minecraft:oak_sapling":35,"minecraft:coal":46},"minecraft:used":{"minecraft:oak_trapdoor":4,"minecraft:oak_fence":36,"minecraft:iron_shovel":145,"minecraft:stone_shovel":130,"minecraft:decorated_pot":15,"minecraft:chest":23,"minecraft:wooden_shovel":93,"minecraft:stone_hoe":42,"minecraft:torch":27,"minecraft:dirt":17,"minecraft:spyglass":22,"minecraft:deepslate_brick_slab":4,"minecraft:spruce_fence":3,"minecraft:granite":3,"minecraft:snowball":15,"minecraft:milk_bucket":3,"minecraft:music_disc_relic":1,"minecraft:wooden_axe":56,"minecraft:lantern":3,"minecraft:birch_sapling":2,"minecraft:melon_seeds":3,"minecraft:bow":2,"minecraft:furnace":2,"minecraft:oak_sapling":23,"minecraft:egg":21,"minecraft:powder_snow_bucket":12,"minecraft:pumpkin":1,"minecraft:wheat_seeds":38,"minecraft:diorite":1,"minecraft:snow_block":2,"minecraft:stone_pickaxe":517,"minecraft:oak_planks":1,"minecraft:wooden_pickaxe":21,"minecraft:rail":4,"minecraft:terracotta":4,"minecraft:oak_slab":18,"minecraft:crafting_table":2,"minecraft:mushroom_stew":20,"minecraft:blast_furnace":1,"minecraft:shears":1,"minecraft:pumpkin_seeds":3,"minecraft:oak_log":6,"minecraft:melon_slice":8,"minecraft:iron_pickaxe":597,"minecraft:spruce_sapling":14,"minecraft:music_disc_blocks":2,"minecraft:stone_axe":287,"minecraft:wooden_sword":12,"minecraft:cobblestone":31,"minecraft:cooked_rabbit":3,"minecraft:andesite":8,"minecraft:bucket":12,"minecraft:brush":102,"minecraft:jukebox":1},"minecraft:custom":{"minecraft:mob_kills":42,"minecraft:animals_bred":6,"minecraft:interact_with_crafting_table":58,"minecraft:time_since_death":226729,"minecraft:sprint_one_cm":192068,"minecraft:walk_one_cm":743592,"minecraft:drop":25,"minecraft:play_time":226729,"minecraft:sneak_time":9186,"minecraft:jump":902,"minecraft:interact_with_blast_furnace":4,"minecraft:walk_on_water_one_cm":304,"minecraft:total_world_time":226729,"minecraft:interact_with_furnace":48,"minecraft:play_record":2,"minecraft:time_since_rest":226729,"minecraft:damage_taken":1002,"minecraft:damage_dealt":7441,"minecraft:fly_one_cm":154489,"minecraft:player_kills":1,"minecraft:open_chest":441,"minecraft:crouch_one_cm":15687,"minecraft:fall_one_cm":15646},"minecraft:dropped":{"minecraft:stone_hoe":1,"minecraft:water_bucket":3,"minecraft:oak_log":27,"minecraft:music_disc_relic":1,"minecraft:grass_block":1,"minecraft:mushroom_stew":3,"minecraft:dirt":18,"minecraft:ice":1,"minecraft:torch":7,"minecraft:wooden_axe":1,"minecraft:wooden_sword":2,"minecraft:spruce_sapling":1,"minecraft:bone":4,"minecraft:spyglass":2,"minecraft:wooden_shovel":1,"minecraft:brick":3},"minecraft:killed":{"minecraft:phantom":2,"minecraft:skeleton":1,"minecraft:fox":2,"minecraft:wolf":6,"minecraft:rabbit":5,"minecraft:creeper":6,"minecraft:polar_bear":2,"minecraft:goat":2,"minecraft:zombie":9,"minecraft:stray":6},"minecraft:broken":{"minecraft:wooden_shovel":1,"minecraft:stone_pickaxe":4,"minecraft:stone_axe":2,"minecraft:iron_pickaxe":2,"minecraft:stone_shovel":1},"minecraft:crafted":{"minecraft:brick":8,"minecraft:wooden_sword":1,"minecraft:smooth_stone":5,"minecraft:oak_planks":112,"minecraft:raw_iron":9,"minecraft:stone_shovel":1,"minecraft:jukebox":1,"minecraft:iron_nugget":27,"minecraft:spyglass":2,"minecraft:melon":7,"minecraft:furnace":3,"minecraft:blast_furnace":1,"minecraft:stone":8,"minecraft:raw_copper_block":35,"minecraft:lantern":3,"minecraft:bow":2,"minecraft:stone_pickaxe":4,"minecraft:decorated_pot":5,"minecraft:oak_fence":27,"minecraft:oak_slab":18,"minecraft:wooden_shovel":1,"minecraft:crafting_table":1,"minecraft:wooden_pickaxe":1,"minecraft:deepslate_brick_slab":6,"minecraft:brush":1,"minecraft:raw_gold_block":7,"minecraft:bowl":4,"minecraft:copper_ingot":8,"minecraft:stone_axe":3,"minecraft:air":0,"minecraft:raw_gold":45,"minecraft:stick":36,"minecraft:iron_ingot":29,"minecraft:iron_pickaxe":3,"minecraft:wooden_axe":1,"minecraft:snow_block":77,"minecraft:iron_shovel":1,"minecraft:torch":24,"minecraft:shears":1}},"DataVersion":3700}