{"stats":{"minecraft:mined":{"minecraft:podzol":13,"minecraft:gray_terracotta":8,"minecraft:oak_slab":2,"minecraft:oak_sapling":3,"minecraft:snow_block":3,"minecraft:powder_snow":2,"minecraft:clay":15,"minecraft:torch":1,"minecraft:granite":30,"minecraft:spruce_fence":1,"minecraft:grass_block":110,"minecraft:calcite":27,"minecraft:decorated_pot":4,"minecraft:melon":5,"minecraft:chest":15,"minecraft:copper_ore":50,"minecraft:spruce_leaves":18,"minecraft:diorite":31,"minecraft:wall_torch":1,"minecraft:amethyst_block":38,"minecraft:white_terracotta":12,"minecraft:spruce_sapling":3,"minecraft:birch_log":22,"minecraft:iron_ore":31,"minecraft:spruce_log":14,"minecraft:andesite":25,"minecraft:pumpkin":4,"minecraft:oak_log":81,"minecraft:coal_ore":23,"minecraft:gravel":46,"minecraft:dirt":35,"minecraft:packed_ice":2,"minecraft:smooth_basalt":5,"minecraft:stone":135,"minecraft:gold_ore":8,"minecraft:oak_leaves":65,"minecraft:diamond_ore":1,"minecraft:suspicious_gravel":6},"minecraft:used":{"minecraft:wheat_seeds":6,"minecraft:oak_fence":27,"minecraft:stone_shovel":101,"minecraft:stone_pickaxe":416,"minecraft:decorated_pot":5,"minecraft:chest":3,"minecraft:wooden_pickaxe":21,"minecraft:stone_hoe":39,"minecraft:wooden_shovel":93,"minecraft:torch":14,"minecraft:dirt":3,"minecraft:spyglass":8,"minecraft:oak_slab":9,"minecraft:crafting_table":1,"minecraft:mushroom_stew":7,"minecraft:granite":2,"minecraft:wooden_axe":56,"minecraft:lantern":1,"minecraft:melon_slice":4,"minecraft:birch_sapling":2,"minecraft:iron_pickaxe":10,"minecraft:spruce_sapling":14,"minecraft:melon_seeds":3,"minecraft:stone_axe":90,"minecraft:wooden_sword":12,"minecraft:oak_sapling":15,"minecraft:furnace":2,"minecraft:bucket":2,"minecraft:egg":1,"minecraft:brush":8,"minecraft:powder_snow_bucket":2},"minecraft:picked_up":{"minecraft:birch_log":31,"minecraft:feather":13,"minecraft:clay_ball":32,"minecraft:andesite":24,"minecraft:wooden_pickaxe":1,"minecraft:mushroom_stew":2,"minecraft:flint":7,"minecraft:oak_log":82,"minecraft:gunpowder":3,"minecraft:amethyst_block":36,"minecraft:oak_trapdoor":1,"minecraft:string":2,"minecraft:dirt":122,"minecraft:raw_copper":158,"minecraft:bone":3,"minecraft:bow":1,"minecraft:gray_terracotta":4,"minecraft:raw_gold":8,"minecraft:bucket":1,"minecraft:rabbit_hide":3,"minecraft:beef":4,"minecraft:calcite":23,"minecraft:wooden_shovel":1,"minecraft:rabbit":4,"minecraft:melon_slice":25,"minecraft:chest":14,"minecraft:birch_sapling":3,"minecraft:stone_hoe":1,"minecraft:egg":1,"minecraft:tipped_arrow":1,"minecraft:smooth_basalt":4,"minecraft:stick":24,"minecraft:raw_iron":26,"minecraft:pumpkin":3,"minecraft:music_disc_relic":1,"minecraft:torch":2,"minecraft:spyglass":1,"minecraft:gravel":41,"minecraft:porkchop":2,"minecraft:spruce_sapling":11,"minecraft:diorite":28,"minecraft:spruce_log":14,"minecraft:spider_eye":1,"minecraft:arrow":2,"minecraft:rotten_flesh":4,"minecraft:diamond":1,"minecraft:decorated_pot":4,"minecraft:granite":24,"minecraft:white_terracotta":12,"minecraft:oak_sapling":16,"minecraft:coal":26,"minecraft:snowball":12,"minecraft:cobblestone":109},"minecraft:custom":{"minecraft:interact_with_furnace":23,"minecraft:mob_kills":16,"minecraft:interact_with_crafting_table":30,"minecraft:time_since_death":94729,"minecraft:time_since_rest":94729,"minecraft:sprint_one_cm":79673,"minecraft:damage_taken":290,"minecraft:walk_one_cm":295341,"minecraft:drop":12,"minecraft:damage_dealt":2416,"minecraft:player_kills":1,"minecraft:fly_one_cm":66574,"minecraft:open_chest":151,"minecraft:crouch_one_cm":13577,"minecraft:play_time":94729,"minecraft:sneak_time":7564,"minecraft:jump":351,"minecraft:walk_on_water_one_cm":304,"minecraft:total_world_time":94729,"minecraft:fall_one_cm":7524},"minecraft:dropped":{"minecraft:water_bucket":1,"minecraft:spyglass":2,"minecraft:oak_log":27,"minecraft:music_disc_relic":1,"minecraft:grass_block":1,"minecraft:dirt":18,"minecraft:wooden_axe":1,"minecraft:wooden_shovel":1},"minecraft:killed":{"minecraft:wolf":2,"minecraft:rabbit":5,"minecraft:creeper":4,"minecraft:zombie":1,"minecraft:fox":2,"minecraft:stray":2},"minecraft:crafted":{"minecraft:wooden_sword":1,"minecraft:oak_slab":12,"minecraft:oak_planks":104,"minecraft:wooden_shovel":1,"minecraft:stone_shovel":1,"minecraft:iron_nugget":9,"minecraft:crafting_table":1,"minecraft:spyglass":2,"minecraft:wooden_pickaxe":1,"minecraft:brush":1,"minecraft:furnace":2,"minecraft:copper_ingot":5,"minecraft:stone_axe":2,"minecraft:air":0,"minecraft:lantern":1,"minecraft:stick":36,"minecraft:decorated_pot":1,"minecraft:iron_pickaxe":1,"minecraft:iron_ingot":7,"minecraft:stone_pickaxe":4,"minecraft:wooden_axe":1,"minecraft:torch":12,"minecraft:oak_fence":27,"minecraft:brick":8},"minecraft:broken":{"minecraft:stone_pickaxe":3,"minecraft:wooden_shovel":1}},"DataVersion":3700}