{"stats":{"minecraft:mined":{"minecraft:podzol":10,"minecraft:oak_slab":1,"minecraft:oak_sapling":2,"minecraft:clay":13,"minecraft:granite":20,"minecraft:spruce_fence":1,"minecraft:grass_block":78,"minecraft:calcite":14,"minecraft:melon":3,"minecraft:chest":13,"minecraft:copper_ore":38,"minecraft:spruce_leaves":1,"minecraft:diorite":29,"minecraft:amethyst_block":19,"minecraft:spruce_sapling":1,"minecraft:birch_log":19,"minecraft:iron_ore":17,"minecraft:andesite":16,"minecraft:pumpkin":4,"minecraft:oak_log":56,"minecraft:coal_ore":22,"minecraft:gravel":36,"minecraft:dirt":30,"minecraft:smooth_basalt":1,"minecraft:stone":95},"minecraft:used":{"minecraft:oak_fence":27,"minecraft:stone_shovel":41,"minecraft:stone_pickaxe":267,"minecraft:chest":1,"minecraft:wooden_pickaxe":21,"minecraft:wooden_shovel":93,"minecraft:torch":9,"minecraft:dirt":3,"minecraft:spyglass":3,"minecraft:oak_slab":6,"minecraft:crafting_table":1,"minecraft:mushroom_stew":4,"minecraft:granite":1,"minecraft:wooden_axe":56,"minecraft:melon_slice":4,"minecraft:spruce_sapling":5,"minecraft:stone_axe":24,"minecraft:wooden_sword":12,"minecraft:oak_sapling":11,"minecraft:furnace":2,"minecraft:brush":8},"minecraft:picked_up":{"minecraft:birch_log":9,"minecraft:feather":13,"minecraft:clay_ball":24,"minecraft:andesite":15,"minecraft:wooden_pickaxe":1,"minecraft:mushroom_stew":2,"minecraft:flint":6,"minecraft:oak_log":57,"minecraft:gunpowder":3,"minecraft:amethyst_block":17,"minecraft:oak_trapdoor":1,"minecraft:string":2,"minecraft:dirt":82,"minecraft:raw_copper":116,"minecraft:calcite":10,"minecraft:wooden_shovel":1,"minecraft:melon_slice":15,"minecraft:chest":12,"minecraft:stick":6,"minecraft:raw_iron":12,"minecraft:pumpkin":3,"minecraft:music_disc_relic":1,"minecraft:spyglass":1,"minecraft:gravel":32,"minecraft:porkchop":1,"minecraft:spruce_sapling":2,"minecraft:diorite":26,"minecraft:spider_eye":1,"minecraft:rotten_flesh":4,"minecraft:granite":14,"minecraft:oak_sapling":9,"minecraft:coal":25,"minecraft:cobblestone":69},"minecraft:custom":{"minecraft:interact_with_furnace":13,"minecraft:mob_kills":6,"minecraft:interact_with_crafting_table":22,"minecraft:time_since_death":58729,"minecraft:time_since_rest":58729,"minecraft:sprint_one_cm":26882,"minecraft:damage_taken":235,"minecraft:walk_one_cm":160162,"minecraft:drop":11,"minecraft:damage_dealt":1512,"minecraft:fly_one_cm":38041,"minecraft:open_chest":84,"minecraft:crouch_one_cm":7895,"minecraft:play_time":58729,"minecraft:sneak_time":6472,"minecraft:jump":200,"minecraft:walk_on_water_one_cm":304,"minecraft:total_world_time":58729,"minecraft:fall_one_cm":4807},"minecraft:dropped":{"minecraft:water_bucket":1,"minecraft:spyglass":2,"minecraft:oak_log":12,"minecraft:music_disc_relic":1,"minecraft:grass_block":1,"minecraft:dirt":18,"minecraft:wooden_axe":1,"minecraft:wooden_shovel":1},"minecraft:killed":{"minecraft:rabbit":1,"minecraft:creeper":4,"minecraft:zombie":1},"minecraft:crafted":{"minecraft:wooden_sword":1,"minecraft:oak_slab":6,"minecraft:oak_planks":96,"minecraft:wooden_shovel":1,"minecraft:stone_shovel":1,"minecraft:crafting_table":1,"minecraft:spyglass":2,"minecraft:wooden_pickaxe":1,"minecraft:brush":1,"minecraft:furnace":2,"minecraft:copper_ingot":5,"minecraft:stone_axe":1,"minecraft:air":0,"minecraft:stick":36,"minecraft:iron_ingot":7,"minecraft:stone_pickaxe":3,"minecraft:wooden_axe":1,"minecraft:torch":8,"minecraft:oak_fence":27},"minecraft:broken":{"minecraft:stone_pickaxe":2,"minecraft:wooden_shovel":1}},"DataVersion":3700}