{"stats":{"minecraft:mined":{"minecraft:diamond_ore":1,"minecraft:oak_sapling":8,"minecraft:granite":48,"minecraft:grass_block":128,"minecraft:spruce_fence":1,"minecraft:decorated_pot":14,"minecraft:spruce_leaves":18,"minecraft:raw_iron_block":1,"minecraft:spruce_sapling":3,"minecraft:iron_ore":39,"minecraft:andesite":52,"minecraft:pumpkin":4,"minecraft:packed_ice":22,"minecraft:stone":160,"minecraft:podzol":13,"minecraft:oak_slab":2,"minecraft:gray_terracotta":8,"minecraft:snow_block":11,"minecraft:powder_snow":3,"minecraft:clay":15,"minecraft:torch":3,"minecraft:calcite":32,"minecraft:melon":5,"minecraft:chest":20,"minecraft:copper_ore":54,"minecraft:cobblestone":31,"minecraft:diorite":48,"minecraft:wall_torch":1,"minecraft:amethyst_block":45,"minecraft:white_terracotta":22,"minecraft:blue_terracotta":2,"minecraft:birch_log":22,"minecraft:wheat":2,"minecraft:blue_ice":7,"minecraft:spruce_log":20,"minecraft:coal_ore":23,"minecraft:oak_log":85,"minecraft:gravel":52,"minecraft:dirt":37,"minecraft:smooth_basalt":11,"minecraft:terracotta":13,"minecraft:gold_ore":8,"minecraft:oak_leaves":78,"minecraft:suspicious_gravel":10},"minecraft:picked_up":{"minecraft:wheat":2,"minecraft:clay_ball":32,"minecraft:wooden_pickaxe":1,"minecraft:brick":3,"minecraft:amethyst_block":43,"minecraft:string":2,"minecraft:oak_trapdoor":2,"minecraft:raw_copper":172,"minecraft:bucket":1,"minecraft:beef":5,"minecraft:calcite":28,"minecraft:wooden_shovel":1,"minecraft:melon_slice":25,"minecraft:chest":19,"minecraft:birch_sapling":3,"minecraft:spruce_trapdoor":4,"minecraft:egg":4,"minecraft:tipped_arrow":1,"minecraft:sheaf_pottery_sherd":6,"minecraft:stick":29,"minecraft:raw_iron":34,"minecraft:music_disc_blocks":1,"minecraft:music_disc_relic":2,"minecraft:torch":5,"minecraft:spruce_fence":3,"minecraft:porkchop":2,"minecraft:diorite":43,"minecraft:howl_pottery_sherd":2,"minecraft:arrow":2,"minecraft:rotten_flesh":6,"minecraft:decorated_pot":10,"minecraft:carved_pumpkin":1,"minecraft:white_terracotta":22,"minecraft:snowball":44,"minecraft:cobblestone":165,"minecraft:heartbreak_pottery_sherd":1,"minecraft:birch_log":32,"minecraft:feather":13,"minecraft:andesite":51,"minecraft:mushroom_stew":3,"minecraft:flint":7,"minecraft:oak_log":86,"minecraft:gunpowder":3,"minecraft:dirt":138,"minecraft:bone":3,"minecraft:gray_terracotta":4,"minecraft:bow":1,"minecraft:wheat_seeds":7,"minecraft:raw_gold":8,"minecraft:rabbit_hide":3,"minecraft:rabbit":4,"minecraft:stone_hoe":2,"minecraft:smooth_basalt":10,"minecraft:pumpkin":3,"minecraft:spyglass":1,"minecraft:raw_iron_block":1,"minecraft:gravel":47,"minecraft:spruce_sapling":11,"minecraft:spruce_log":20,"minecraft:spider_eye":1,"minecraft:pumpkin_seeds":4,"minecraft:blue_terracotta":2,"minecraft:diamond":1,"minecraft:granite":42,"minecraft:terracotta":13,"minecraft:oak_sapling":31,"minecraft:coal":26},"minecraft:used":{"minecraft:oak_trapdoor":2,"minecraft:oak_fence":27,"minecraft:stone_shovel":130,"minecraft:decorated_pot":15,"minecraft:chest":6,"minecraft:wooden_shovel":93,"minecraft:stone_hoe":40,"minecraft:torch":21,"minecraft:dirt":7,"minecraft:spyglass":8,"minecraft:granite":3,"minecraft:milk_bucket":3,"minecraft:music_disc_relic":1,"minecraft:wooden_axe":56,"minecraft:lantern":1,"minecraft:birch_sapling":2,"minecraft:melon_seeds":3,"minecraft:furnace":2,"minecraft:oak_sapling":23,"minecraft:egg":10,"minecraft:powder_snow_bucket":8,"minecraft:pumpkin":1,"minecraft:wheat_seeds":13,"minecraft:diorite":1,"minecraft:snow_block":2,"minecraft:stone_pickaxe":517,"minecraft:wooden_pickaxe":21,"minecraft:terracotta":4,"minecraft:oak_slab":9,"minecraft:crafting_table":1,"minecraft:mushroom_stew":10,"minecraft:shears":1,"minecraft:pumpkin_seeds":3,"minecraft:melon_slice":4,"minecraft:iron_pickaxe":116,"minecraft:spruce_sapling":14,"minecraft:music_disc_blocks":2,"minecraft:stone_axe":108,"minecraft:wooden_sword":12,"minecraft:cobblestone":31,"minecraft:andesite":8,"minecraft:bucket":8,"minecraft:brush":31,"minecraft:jukebox":1},"minecraft:custom":{"minecraft:mob_kills":18,"minecraft:interact_with_crafting_table":37,"minecraft:time_since_death":154729,"minecraft:sprint_one_cm":113564,"minecraft:walk_one_cm":552828,"minecraft:drop":15,"minecraft:play_time":154729,"minecraft:sneak_time":7784,"minecraft:jump":515,"minecraft:walk_on_water_one_cm":304,"minecraft:total_world_time":154729,"minecraft:interact_with_furnace":29,"minecraft:play_record":2,"minecraft:time_since_rest":154729,"minecraft:damage_taken":330,"minecraft:damage_dealt":2726,"minecraft:fly_one_cm":89549,"minecraft:player_kills":1,"minecraft:open_chest":246,"minecraft:crouch_one_cm":14157,"minecraft:fall_one_cm":9405},"minecraft:dropped":{"minecraft:water_bucket":1,"minecraft:oak_log":27,"minecraft:music_disc_relic":1,"minecraft:grass_block":1,"minecraft:dirt":18,"minecraft:torch":7,"minecraft:wooden_axe":1,"minecraft:bone":4,"minecraft:spyglass":2,"minecraft:wooden_shovel":1,"minecraft:brick":3},"minecraft:killed":{"minecraft:fox":2,"minecraft:wolf":2,"minecraft:rabbit":5,"minecraft:creeper":4,"minecraft:goat":1,"minecraft:zombie":2,"minecraft:stray":2},"minecraft:broken":{"minecraft:wooden_shovel":1,"minecraft:stone_pickaxe":4,"minecraft:stone_axe":1,"minecraft:stone_shovel":1},"minecraft:crafted":{"minecraft:brick":8,"minecraft:wooden_sword":1,"minecraft:oak_planks":108,"minecraft:raw_iron":9,"minecraft:stone_shovel":1,"minecraft:jukebox":1,"minecraft:iron_nugget":9,"minecraft:spyglass":2,"minecraft:furnace":2,"minecraft:lantern":1,"minecraft:stone_pickaxe":4,"minecraft:decorated_pot":5,"minecraft:oak_fence":27,"minecraft:oak_slab":12,"minecraft:wooden_shovel":1,"minecraft:crafting_table":1,"minecraft:wooden_pickaxe":1,"minecraft:brush":1,"minecraft:copper_ingot":8,"minecraft:stone_axe":2,"minecraft:air":0,"minecraft:stick":36,"minecraft:iron_ingot":29,"minecraft:iron_pickaxe":1,"minecraft:wooden_axe":1,"minecraft:snow_block":12,"minecraft:torch":24,"minecraft:shears":1}},"DataVersion":3700}