{"stats":{"minecraft:broken":{"minecraft:wooden_shovel":1,"minecraft:stone_pickaxe":4,"minecraft:stone_axe":3,"minecraft:iron_pickaxe":4,"minecraft:stone_shovel":1},"minecraft:dropped":{"minecraft:stone_hoe":2,"minecraft:water_bucket":3,"minecraft:brown_mushroom":9,"minecraft:golden_helmet":2,"minecraft:oak_log":27,"minecraft:music_disc_relic":4,"minecraft:sheaf_pottery_sherd":42,"minecraft:leather_helmet":1,"minecraft:grass_block":1,"minecraft:mushroom_stew":3,"minecraft:stick":9,"minecraft:dirt":18,"minecraft:ice":1,"minecraft:raw_copper_block":117,"minecraft:torch":7,"minecraft:wooden_axe":1,"minecraft:snowball":3,"minecraft:wooden_sword":2,"minecraft:spruce_sapling":7,"minecraft:bone":4,"minecraft:spyglass":2,"minecraft:stone_sword":1,"minecraft:gunpowder":18,"minecraft:howl_pottery_sherd":78,"minecraft:wooden_shovel":1,"minecraft:chest":4,"minecraft:brick":3},"minecraft:mined":{"minecraft:diamond_ore":4,"minecraft:deepslate_tiles":46,"minecraft:tuff":38,"minecraft:oak_sapling":8,"minecraft:deepslate_diamond_ore":6,"minecraft:dark_oak_log":32,"minecraft:spruce_trapdoor":1,"minecraft:granite":70,"minecraft:budding_amethyst":25,"minecraft:grass_block":165,"minecraft:spruce_fence":2,"minecraft:decorated_pot":14,"minecraft:deepslate_bricks":73,"minecraft:rooted_dirt":14,"minecraft:moss_block":11,"minecraft:spruce_leaves":18,"minecraft:deepslate_brick_slab":2,"minecraft:raw_iron_block":2,"minecraft:oak_trapdoor":1,"minecraft:spruce_sapling":3,"minecraft:raw_gold_block":5,"minecraft:iron_ore":52,"minecraft:snow":5,"minecraft:andesite":63,"minecraft:moss_carpet":1,"minecraft:pumpkin":5,"minecraft:deepslate_lapis_ore":20,"minecraft:deepslate_iron_ore":33,"minecraft:lantern":3,"minecraft:packed_ice":25,"minecraft:stone":231,"minecraft:podzol":17,"minecraft:oak_slab":2,"minecraft:gray_terracotta":8,"minecraft:snow_block":81,"minecraft:spruce_door":4,"minecraft:powder_snow":6,"minecraft:clay":18,"minecraft:oak_fence":4,"minecraft:torch":10,"minecraft:calcite":77,"minecraft:melon":8,"minecraft:chest":52,"minecraft:copper_ore":66,"minecraft:cobblestone":31,"minecraft:deepslate_coal_ore":20,"minecraft:lapis_ore":2,"minecraft:deepslate_gold_ore":25,"minecraft:diorite":71,"minecraft:wall_torch":3,"minecraft:amethyst_block":98,"minecraft:deepslate_copper_ore":33,"minecraft:white_terracotta":24,"minecraft:blue_terracotta":3,"minecraft:birch_log":33,"minecraft:wheat":36,"minecraft:blue_ice":14,"minecraft:spruce_log":43,"minecraft:coal_ore":27,"minecraft:oak_log":164,"minecraft:gravel":93,"minecraft:dripstone_block":13,"minecraft:dirt":47,"minecraft:smooth_basalt":32,"minecraft:terracotta":21,"minecraft:raw_copper_block":2,"minecraft:gold_ore":11,"minecraft:oak_leaves":138,"minecraft:deepslate":146,"minecraft:suspicious_gravel":62},"minecraft:used":{"minecraft:oak_fence":47,"minecraft:oak_trapdoor":5,"minecraft:moss_carpet":10,"minecraft:iron_shovel":204,"minecraft:writable_book":1,"minecraft:stone_shovel":130,"minecraft:chest":27,"minecraft:decorated_pot":16,"minecraft:wooden_shovel":93,"minecraft:stone_hoe":42,"minecraft:torch":35,"minecraft:dirt":24,"minecraft:spyglass":44,"minecraft:deepslate_brick_slab":4,"minecraft:snowball":19,"minecraft:granite":3,"minecraft:spruce_fence":4,"minecraft:milk_bucket":3,"minecraft:music_disc_relic":1,"minecraft:wooden_axe":56,"minecraft:birch_sapling":2,"minecraft:lantern":6,"minecraft:iron_axe":142,"minecraft:melon_seeds":3,"minecraft:item_frame":1,"minecraft:bow":6,"minecraft:oak_sapling":23,"minecraft:furnace":3,"minecraft:egg":31,"minecraft:pumpkin":1,"minecraft:powder_snow_bucket":12,"minecraft:wheat_seeds":64,"minecraft:water_bucket":1,"minecraft:diorite":1,"minecraft:spruce_door":1,"minecraft:snow_block":2,"minecraft:stone_pickaxe":517,"minecraft:oak_planks":1,"minecraft:wooden_pickaxe":21,"minecraft:deepslate_bricks":1,"minecraft:rail":4,"minecraft:terracotta":4,"minecraft:oak_slab":38,"minecraft:crafting_table":2,"minecraft:mushroom_stew":28,"minecraft:blast_furnace":1,"minecraft:pumpkin_seeds":3,"minecraft:shears":1,"minecraft:smoker":1,"minecraft:oak_log":6,"minecraft:melon_slice":8,"minecraft:iron_pickaxe":980,"minecraft:map":1,"minecraft:music_disc_blocks":2,"minecraft:spruce_sapling":14,"minecraft:stone_axe":307,"minecraft:wooden_sword":12,"minecraft:cobblestone":31,"minecraft:cooked_rabbit":3,"minecraft:andesite":8,"minecraft:bucket":17,"minecraft:tropical_fish_bucket":3,"minecraft:brush":112,"minecraft:jukebox":1,"minecraft:moss_block":31},"minecraft:custom":{"minecraft:mob_kills":77,"minecraft:animals_bred":20,"minecraft:interact_with_crafting_table":71,"minecraft:damage_dealt_resisted":180,"minecraft:leave_game":1,"minecraft:time_since_death":9287,"minecraft:sprint_one_cm":252293,"minecraft:walk_one_cm":956218,"minecraft:drop":57,"minecraft:play_time":300018,"minecraft:deaths":1,"minecraft:sneak_time":11708,"minecraft:jump":1236,"minecraft:interact_with_blast_furnace":8,"minecraft:walk_on_water_one_cm":1737,"minecraft:total_world_time":300018,"minecraft:interact_with_furnace":48,"minecraft:play_record":2,"minecraft:time_since_rest":9320,"minecraft:damage_taken":1628,"minecraft:damage_dealt":13796,"minecraft:player_kills":1,"minecraft:fly_one_cm":214032,"minecraft:open_chest":622,"minecraft:crouch_one_cm":30469,"minecraft:fall_one_cm":23232},"minecraft:crafted":{"minecraft:brick":8,"minecraft:wooden_sword":1,"minecraft:smooth_stone":5,"minecraft:oak_planks":136,"minecraft:raw_iron":18,"minecraft:stone_shovel":1,"minecraft:jukebox":1,"minecraft:iron_nugget":27,"minecraft:spyglass":2,"minecraft:melon":7,"minecraft:furnace":5,"minecraft:blast_furnace":1,"minecraft:stone":8,"minecraft:moss_carpet":9,"minecraft:raw_copper_block":36,"minecraft:lantern":3,"minecraft:bow":2,"minecraft:iron_axe":2,"minecraft:stone_pickaxe":4,"minecraft:decorated_pot":5,"minecraft:oak_fence":27,"minecraft:smoker":1,"minecraft:item_frame":1,"minecraft:oak_slab":42,"minecraft:wooden_shovel":1,"minecraft:arrow":8,"minecraft:crafting_table":1,"minecraft:spruce_planks":8,"minecraft:wooden_pickaxe":1,"minecraft:iron_helmet":1,"minecraft:deepslate_brick_slab":6,"minecraft:brush":1,"minecraft:raw_gold_block":7,"minecraft:bowl":4,"minecraft:copper_ingot":8,"minecraft:stone_axe":3,"minecraft:air":0,"minecraft:shield":1,"minecraft:raw_gold":45,"minecraft:stick":60,"minecraft:iron_ingot":81,"minecraft:iron_pickaxe":5,"minecraft:wooden_axe":1,"minecraft:snow_block":81,"minecraft:iron_shovel":2,"minecraft:torch":28,"minecraft:shears":1,"minecraft:clay":33,"minecraft:lapis_block":8},"minecraft:killed":{"minecraft:phantom":2,"minecraft:skeleton":10,"minecraft:fox":2,"minecraft:wolf":6,"minecraft:rabbit":5,"minecraft:creeper":13,"minecraft:polar_bear":2,"minecraft:goat":2,"minecraft:zombie":24,"minecraft:stray":6,"minecraft:cow":3},"minecraft:picked_up":{"minecraft:crafting_table":1,"minecraft:wheat":36,"minecraft:clay_ball":48,"minecraft:brown_mushroom":13,"minecraft:wooden_pickaxe":1,"minecraft:cooked_rabbit":3,"minecraft:brick":8,"minecraft:amethyst_block":239,"minecraft:moss_carpet":1,"minecraft:lapis_block":8,"minecraft:oak_trapdoor":6,"minecraft:string":12,"minecraft:raw_copper":370,"minecraft:wooden_sword":1,"minecraft:deepslate_tiles":76,"minecraft:candle":6,"minecraft:cobbled_deepslate":244,"minecraft:smooth_stone":2,"minecraft:bucket":1,"minecraft:beef":16,"minecraft:iron_nugget":3,"minecraft:calcite":186,"minecraft:azalea":7,"minecraft:wooden_shovel":1,"minecraft:golden_helmet":2,"minecraft:melon_slice":46,"minecraft:chest":73,"minecraft:birch_sapling":7,"minecraft:spruce_trapdoor":29,"minecraft:phantom_membrane":4,"minecraft:raw_copper_block":159,"minecraft:egg":31,"minecraft:tipped_arrow":4,"minecraft:dark_oak_sapling":13,"minecraft:stick":43,"minecraft:raw_iron":105,"minecraft:sheaf_pottery_sherd":69,"minecraft:music_disc_blocks":2,"minecraft:raw_gold_block":12,"minecraft:amethyst_cluster":2,"minecraft:music_disc_relic":7,"minecraft:copper_ingot":4,"minecraft:oak_fence":64,"minecraft:torch":21,"minecraft:spruce_fence":4,"minecraft:snow_block":85,"minecraft:porkchop":4,"minecraft:diorite":132,"minecraft:howl_pottery_sherd":113,"minecraft:shaper_armor_trim_smithing_template":1,"minecraft:arrow":19,"minecraft:rotten_flesh":48,"minecraft:tropical_fish":1,"minecraft:decorated_pot":11,"minecraft:deepslate_bricks":121,"minecraft:carved_pumpkin":3,"minecraft:white_terracotta":46,"minecraft:host_armor_trim_smithing_template":2,"minecraft:cod":2,"minecraft:snowball":275,"minecraft:rail":4,"minecraft:cobblestone":413,"minecraft:heartbreak_pottery_sherd":14,"minecraft:birch_log":69,"minecraft:feather":43,"minecraft:golden_carrot":4,"minecraft:water_bucket":1,"minecraft:andesite":173,"minecraft:leather":12,"minecraft:mushroom_stew":4,"minecraft:flint":23,"minecraft:tuff":78,"minecraft:oak_log":262,"minecraft:gunpowder":36,"minecraft:map":1,"minecraft:lapis_lazuli":252,"minecraft:dirt":212,"minecraft:lantern":3,"minecraft:bone":50,"minecraft:apple":27,"minecraft:bow":3,"minecraft:gray_terracotta":12,"minecraft:wheat_seeds":94,"minecraft:deepslate_brick_slab":2,"minecraft:raw_gold":50,"minecraft:rabbit_hide":12,"minecraft:iron_ingot":28,"minecraft:moss_block":46,"minecraft:rabbit":4,"minecraft:iron_sword":1,"minecraft:stone_hoe":2,"minecraft:book":4,"minecraft:tropical_fish_bucket":1,"minecraft:oak_slab":6,"minecraft:smooth_basalt":89,"minecraft:pumpkin":7,"minecraft:sweet_berries":4,"minecraft:brush":1,"minecraft:budding_amethyst":8,"minecraft:axolotl_bucket":2,"minecraft:spyglass":2,"minecraft:raw_iron_block":2,"minecraft:dripstone_block":57,"minecraft:gravel":253,"minecraft:amethyst_shard":6,"minecraft:melon":7,"minecraft:spruce_sapling":19,"minecraft:spruce_log":63,"minecraft:dark_oak_log":45,"minecraft:spruce_door":4,"minecraft:spider_eye":2,"minecraft:leather_helmet":3,"minecraft:light_gray_terracotta":4,"minecraft:pumpkin_seeds":5,"minecraft:blue_terracotta":6,"minecraft:clay":5,"minecraft:diamond":18,"minecraft:iron_helmet":2,"minecraft:granite":133,"minecraft:bone_meal":9,"minecraft:golden_apple":1,"minecraft:rooted_dirt":17,"minecraft:terracotta":40,"minecraft:oak_sapling":89,"minecraft:coal":89}},"DataVersion":3700}