{"stats":{"minecraft:mined":{"minecraft:diamond_ore":1,"minecraft:tuff":4,"minecraft:oak_sapling":8,"minecraft:granite":66,"minecraft:budding_amethyst":4,"minecraft:grass_block":161,"minecraft:spruce_fence":1,"minecraft:decorated_pot":14,"minecraft:deepslate_bricks":8,"minecraft:spruce_leaves":18,"minecraft:raw_iron_block":1,"minecraft:oak_trapdoor":1,"minecraft:spruce_sapling":3,"minecraft:raw_gold_block":5,"minecraft:iron_ore":50,"minecraft:snow":1,"minecraft:andesite":56,"minecraft:pumpkin":5,"minecraft:deepslate_lapis_ore":3,"minecraft:packed_ice":23,"minecraft:stone":190,"minecraft:podzol":15,"minecraft:oak_slab":2,"minecraft:gray_terracotta":8,"minecraft:snow_block":81,"minecraft:powder_snow":6,"minecraft:oak_fence":1,"minecraft:clay":17,"minecraft:torch":4,"minecraft:calcite":54,"minecraft:melon":7,"minecraft:chest":40,"minecraft:copper_ore":64,"minecraft:cobblestone":31,"minecraft:deepslate_gold_ore":3,"minecraft:diorite":67,"minecraft:wall_torch":3,"minecraft:amethyst_block":56,"minecraft:deepslate_copper_ore":3,"minecraft:white_terracotta":24,"minecraft:blue_terracotta":3,"minecraft:birch_log":25,"minecraft:wheat":8,"minecraft:blue_ice":14,"minecraft:spruce_log":23,"minecraft:coal_ore":24,"minecraft:oak_log":138,"minecraft:gravel":83,"minecraft:dripstone_block":7,"minecraft:dirt":42,"minecraft:smooth_basalt":21,"minecraft:terracotta":21,"minecraft:raw_copper_block":2,"minecraft:gold_ore":11,"minecraft:deepslate":35,"minecraft:oak_leaves":99,"minecraft:suspicious_gravel":20},"minecraft:picked_up":{"minecraft:crafting_table":1,"minecraft:wheat":8,"minecraft:clay_ball":40,"minecraft:brown_mushroom":1,"minecraft:wooden_pickaxe":1,"minecraft:cooked_rabbit":3,"minecraft:brick":3,"minecraft:amethyst_block":106,"minecraft:string":2,"minecraft:oak_trapdoor":4,"minecraft:raw_copper":210,"minecraft:wooden_sword":1,"minecraft:cobbled_deepslate":35,"minecraft:bucket":1,"minecraft:beef":5,"minecraft:calcite":84,"minecraft:azalea":1,"minecraft:wooden_shovel":1,"minecraft:melon_slice":35,"minecraft:chest":39,"minecraft:birch_sapling":3,"minecraft:phantom_membrane":2,"minecraft:spruce_trapdoor":5,"minecraft:raw_copper_block":3,"minecraft:egg":6,"minecraft:tipped_arrow":4,"minecraft:sheaf_pottery_sherd":6,"minecraft:stick":29,"minecraft:raw_iron":40,"minecraft:music_disc_blocks":1,"minecraft:raw_gold_block":5,"minecraft:music_disc_relic":2,"minecraft:oak_fence":1,"minecraft:torch":9,"minecraft:snow_block":30,"minecraft:spruce_fence":3,"minecraft:porkchop":2,"minecraft:diorite":65,"minecraft:howl_pottery_sherd":5,"minecraft:arrow":11,"minecraft:rotten_flesh":7,"minecraft:decorated_pot":10,"minecraft:deepslate_bricks":8,"minecraft:carved_pumpkin":2,"minecraft:white_terracotta":23,"minecraft:cod":1,"minecraft:snowball":268,"minecraft:cobblestone":209,"minecraft:heartbreak_pottery_sherd":1,"minecraft:birch_log":40,"minecraft:feather":13,"minecraft:andesite":103,"minecraft:mushroom_stew":3,"minecraft:flint":11,"minecraft:tuff":4,"minecraft:oak_log":146,"minecraft:gunpowder":3,"minecraft:lapis_lazuli":19,"minecraft:dirt":180,"minecraft:bone":8,"minecraft:apple":1,"minecraft:gray_terracotta":4,"minecraft:bow":2,"minecraft:wheat_seeds":25,"minecraft:raw_gold":12,"minecraft:rabbit_hide":3,"minecraft:rabbit":4,"minecraft:stone_hoe":2,"minecraft:oak_slab":3,"minecraft:smooth_basalt":40,"minecraft:pumpkin":7,"minecraft:budding_amethyst":2,"minecraft:dripstone_block":9,"minecraft:spyglass":1,"minecraft:raw_iron_block":1,"minecraft:gravel":154,"minecraft:spruce_sapling":11,"minecraft:spruce_log":21,"minecraft:spider_eye":1,"minecraft:pumpkin_seeds":4,"minecraft:blue_terracotta":3,"minecraft:diamond":1,"minecraft:iron_helmet":1,"minecraft:granite":57,"minecraft:terracotta":22,"minecraft:oak_sapling":35,"minecraft:coal":28},"minecraft:used":{"minecraft:oak_trapdoor":4,"minecraft:oak_fence":32,"minecraft:iron_shovel":141,"minecraft:stone_shovel":130,"minecraft:decorated_pot":15,"minecraft:chest":23,"minecraft:wooden_shovel":93,"minecraft:stone_hoe":42,"minecraft:torch":23,"minecraft:dirt":17,"minecraft:spyglass":8,"minecraft:spruce_fence":3,"minecraft:granite":3,"minecraft:snowball":15,"minecraft:milk_bucket":3,"minecraft:music_disc_relic":1,"minecraft:wooden_axe":56,"minecraft:lantern":3,"minecraft:birch_sapling":2,"minecraft:melon_seeds":3,"minecraft:bow":2,"minecraft:furnace":2,"minecraft:oak_sapling":23,"minecraft:egg":12,"minecraft:powder_snow_bucket":12,"minecraft:pumpkin":1,"minecraft:wheat_seeds":31,"minecraft:diorite":1,"minecraft:snow_block":2,"minecraft:stone_pickaxe":517,"minecraft:oak_planks":1,"minecraft:wooden_pickaxe":21,"minecraft:terracotta":4,"minecraft:oak_slab":18,"minecraft:crafting_table":2,"minecraft:mushroom_stew":15,"minecraft:shears":1,"minecraft:pumpkin_seeds":3,"minecraft:oak_log":6,"minecraft:melon_slice":8,"minecraft:iron_pickaxe":368,"minecraft:spruce_sapling":14,"minecraft:music_disc_blocks":2,"minecraft:stone_axe":239,"minecraft:wooden_sword":12,"minecraft:cobblestone":31,"minecraft:cooked_rabbit":2,"minecraft:andesite":8,"minecraft:bucket":11,"minecraft:brush":91,"minecraft:jukebox":1},"minecraft:custom":{"minecraft:mob_kills":33,"minecraft:animals_bred":3,"minecraft:interact_with_crafting_table":48,"minecraft:time_since_death":202729,"minecraft:sprint_one_cm":164040,"minecraft:walk_one_cm":679258,"minecraft:drop":20,"minecraft:play_time":202729,"minecraft:sneak_time":9109,"minecraft:jump":778,"minecraft:walk_on_water_one_cm":304,"minecraft:total_world_time":202729,"minecraft:interact_with_furnace":29,"minecraft:play_record":2,"minecraft:time_since_rest":202729,"minecraft:damage_taken":722,"minecraft:damage_dealt":5359,"minecraft:fly_one_cm":128161,"minecraft:player_kills":1,"minecraft:open_chest":363,"minecraft:crouch_one_cm":15518,"minecraft:fall_one_cm":13347},"minecraft:dropped":{"minecraft:stone_hoe":1,"minecraft:water_bucket":1,"minecraft:oak_log":27,"minecraft:music_disc_relic":1,"minecraft:grass_block":1,"minecraft:dirt":18,"minecraft:ice":1,"minecraft:torch":7,"minecraft:wooden_axe":1,"minecraft:wooden_sword":2,"minecraft:spruce_sapling":1,"minecraft:bone":4,"minecraft:spyglass":2,"minecraft:wooden_shovel":1,"minecraft:brick":3},"minecraft:killed":{"minecraft:phantom":2,"minecraft:fox":2,"minecraft:wolf":6,"minecraft:rabbit":5,"minecraft:creeper":4,"minecraft:polar_bear":2,"minecraft:goat":2,"minecraft:zombie":3,"minecraft:stray":6},"minecraft:broken":{"minecraft:wooden_shovel":1,"minecraft:stone_pickaxe":4,"minecraft:stone_axe":2,"minecraft:iron_pickaxe":1,"minecraft:stone_shovel":1},"minecraft:crafted":{"minecraft:brick":8,"minecraft:wooden_sword":1,"minecraft:oak_planks":112,"minecraft:raw_iron":9,"minecraft:stone_shovel":1,"minecraft:jukebox":1,"minecraft:iron_nugget":27,"minecraft:spyglass":2,"minecraft:furnace":2,"minecraft:raw_copper_block":24,"minecraft:lantern":3,"minecraft:bow":1,"minecraft:stone_pickaxe":4,"minecraft:decorated_pot":5,"minecraft:oak_fence":27,"minecraft:oak_slab":18,"minecraft:wooden_shovel":1,"minecraft:crafting_table":1,"minecraft:wooden_pickaxe":1,"minecraft:brush":1,"minecraft:copper_ingot":8,"minecraft:stone_axe":3,"minecraft:air":0,"minecraft:raw_gold":45,"minecraft:stick":36,"minecraft:iron_ingot":29,"minecraft:iron_pickaxe":2,"minecraft:wooden_axe":1,"minecraft:snow_block":77,"minecraft:iron_shovel":1,"minecraft:torch":24,"minecraft:shears":1}},"DataVersion":3700}