{"stats":{"minecraft:mined":{"minecraft:podzol":13,"minecraft:gray_terracotta":4,"minecraft:oak_slab":2,"minecraft:oak_sapling":2,"minecraft:powder_snow":2,"minecraft:clay":15,"minecraft:torch":1,"minecraft:granite":30,"minecraft:spruce_fence":1,"minecraft:grass_block":105,"minecraft:calcite":22,"minecraft:melon":4,"minecraft:chest":14,"minecraft:copper_ore":43,"minecraft:spruce_leaves":18,"minecraft:diorite":31,"minecraft:amethyst_block":30,"minecraft:white_terracotta":11,"minecraft:spruce_sapling":3,"minecraft:birch_log":21,"minecraft:iron_ore":26,"minecraft:spruce_log":14,"minecraft:andesite":17,"minecraft:pumpkin":4,"minecraft:oak_log":81,"minecraft:coal_ore":23,"minecraft:gravel":46,"minecraft:dirt":35,"minecraft:smooth_basalt":5,"minecraft:stone":125,"minecraft:gold_ore":4,"minecraft:oak_leaves":65,"minecraft:suspicious_gravel":2},"minecraft:used":{"minecraft:wheat_seeds":6,"minecraft:oak_fence":27,"minecraft:stone_shovel":91,"minecraft:stone_pickaxe":365,"minecraft:chest":3,"minecraft:wooden_pickaxe":21,"minecraft:stone_hoe":39,"minecraft:wooden_shovel":93,"minecraft:torch":10,"minecraft:dirt":3,"minecraft:spyglass":8,"minecraft:oak_slab":9,"minecraft:crafting_table":1,"minecraft:mushroom_stew":5,"minecraft:granite":2,"minecraft:wooden_axe":56,"minecraft:lantern":1,"minecraft:melon_slice":4,"minecraft:birch_sapling":2,"minecraft:iron_pickaxe":4,"minecraft:spruce_sapling":14,"minecraft:melon_seeds":3,"minecraft:stone_axe":78,"minecraft:wooden_sword":12,"minecraft:oak_sapling":15,"minecraft:furnace":2,"minecraft:egg":1,"minecraft:brush":8},"minecraft:picked_up":{"minecraft:birch_log":30,"minecraft:feather":13,"minecraft:clay_ball":32,"minecraft:andesite":16,"minecraft:wooden_pickaxe":1,"minecraft:mushroom_stew":2,"minecraft:flint":7,"minecraft:oak_log":82,"minecraft:gunpowder":3,"minecraft:amethyst_block":28,"minecraft:oak_trapdoor":1,"minecraft:string":2,"minecraft:dirt":117,"minecraft:raw_copper":134,"minecraft:gray_terracotta":4,"minecraft:raw_gold":4,"minecraft:rabbit_hide":2,"minecraft:beef":2,"minecraft:calcite":15,"minecraft:wooden_shovel":1,"minecraft:rabbit":4,"minecraft:melon_slice":19,"minecraft:chest":13,"minecraft:birch_sapling":3,"minecraft:stone_hoe":1,"minecraft:egg":1,"minecraft:smooth_basalt":4,"minecraft:stick":22,"minecraft:raw_iron":21,"minecraft:pumpkin":3,"minecraft:music_disc_relic":1,"minecraft:torch":1,"minecraft:spyglass":1,"minecraft:gravel":41,"minecraft:porkchop":2,"minecraft:spruce_sapling":10,"minecraft:diorite":28,"minecraft:spruce_log":14,"minecraft:spider_eye":1,"minecraft:rotten_flesh":4,"minecraft:granite":24,"minecraft:white_terracotta":11,"minecraft:oak_sapling":14,"minecraft:coal":26,"minecraft:cobblestone":99},"minecraft:custom":{"minecraft:interact_with_furnace":15,"minecraft:mob_kills":12,"minecraft:interact_with_crafting_table":26,"minecraft:time_since_death":82729,"minecraft:time_since_rest":82729,"minecraft:sprint_one_cm":70996,"minecraft:damage_taken":235,"minecraft:walk_one_cm":244765,"minecraft:drop":12,"minecraft:damage_dealt":1802,"minecraft:player_kills":1,"minecraft:fly_one_cm":57766,"minecraft:open_chest":122,"minecraft:crouch_one_cm":13520,"minecraft:play_time":82729,"minecraft:sneak_time":7546,"minecraft:jump":294,"minecraft:walk_on_water_one_cm":304,"minecraft:total_world_time":82729,"minecraft:fall_one_cm":6479},"minecraft:dropped":{"minecraft:water_bucket":1,"minecraft:spyglass":2,"minecraft:oak_log":27,"minecraft:music_disc_relic":1,"minecraft:grass_block":1,"minecraft:dirt":18,"minecraft:wooden_axe":1,"minecraft:wooden_shovel":1},"minecraft:killed":{"minecraft:wolf":2,"minecraft:rabbit":5,"minecraft:creeper":4,"minecraft:zombie":1},"minecraft:crafted":{"minecraft:wooden_sword":1,"minecraft:oak_slab":12,"minecraft:oak_planks":100,"minecraft:wooden_shovel":1,"minecraft:stone_shovel":1,"minecraft:iron_nugget":9,"minecraft:crafting_table":1,"minecraft:spyglass":2,"minecraft:wooden_pickaxe":1,"minecraft:brush":1,"minecraft:furnace":2,"minecraft:copper_ingot":5,"minecraft:stone_axe":1,"minecraft:air":0,"minecraft:lantern":1,"minecraft:stick":36,"minecraft:iron_pickaxe":1,"minecraft:iron_ingot":7,"minecraft:stone_pickaxe":3,"minecraft:wooden_axe":1,"minecraft:torch":12,"minecraft:oak_fence":27},"minecraft:broken":{"minecraft:stone_pickaxe":2,"minecraft:wooden_shovel":1}},"DataVersion":3700}