{"stats":{"minecraft:mined":{"minecraft:diamond_ore":1,"minecraft:oak_sapling":8,"minecraft:granite":54,"minecraft:grass_block":137,"minecraft:spruce_fence":1,"minecraft:decorated_pot":14,"minecraft:spruce_leaves":18,"minecraft:raw_iron_block":1,"minecraft:spruce_sapling":3,"minecraft:iron_ore":42,"minecraft:snow":1,"minecraft:andesite":52,"minecraft:pumpkin":4,"minecraft:packed_ice":22,"minecraft:stone":173,"minecraft:podzol":13,"minecraft:oak_slab":2,"minecraft:gray_terracotta":8,"minecraft:snow_block":16,"minecraft:powder_snow":3,"minecraft:oak_fence":1,"minecraft:clay":15,"minecraft:torch":4,"minecraft:calcite":32,"minecraft:melon":6,"minecraft:chest":21,"minecraft:copper_ore":56,"minecraft:cobblestone":31,"minecraft:diorite":49,"minecraft:wall_torch":3,"minecraft:amethyst_block":45,"minecraft:white_terracotta":23,"minecraft:blue_terracotta":2,"minecraft:birch_log":22,"minecraft:wheat":4,"minecraft:blue_ice":8,"minecraft:spruce_log":20,"minecraft:coal_ore":23,"minecraft:oak_log":85,"minecraft:gravel":57,"minecraft:dirt":37,"minecraft:smooth_basalt":17,"minecraft:terracotta":16,"minecraft:gold_ore":9,"minecraft:oak_leaves":78,"minecraft:suspicious_gravel":11},"minecraft:picked_up":{"minecraft:wheat":4,"minecraft:clay_ball":32,"minecraft:wooden_pickaxe":1,"minecraft:brick":3,"minecraft:amethyst_block":43,"minecraft:string":2,"minecraft:oak_trapdoor":2,"minecraft:raw_copper":180,"minecraft:bucket":1,"minecraft:beef":5,"minecraft:calcite":28,"minecraft:wooden_shovel":1,"minecraft:melon_slice":31,"minecraft:chest":20,"minecraft:birch_sapling":3,"minecraft:spruce_trapdoor":5,"minecraft:egg":4,"minecraft:tipped_arrow":1,"minecraft:sheaf_pottery_sherd":6,"minecraft:stick":29,"minecraft:raw_iron":37,"minecraft:music_disc_blocks":1,"minecraft:music_disc_relic":2,"minecraft:oak_fence":1,"minecraft:torch":8,"minecraft:spruce_fence":3,"minecraft:porkchop":2,"minecraft:diorite":44,"minecraft:howl_pottery_sherd":2,"minecraft:arrow":4,"minecraft:rotten_flesh":6,"minecraft:decorated_pot":10,"minecraft:carved_pumpkin":1,"minecraft:white_terracotta":22,"minecraft:snowball":65,"minecraft:cobblestone":178,"minecraft:heartbreak_pottery_sherd":1,"minecraft:birch_log":34,"minecraft:feather":13,"minecraft:andesite":51,"minecraft:mushroom_stew":3,"minecraft:flint":7,"minecraft:oak_log":86,"minecraft:gunpowder":3,"minecraft:dirt":147,"minecraft:bone":4,"minecraft:gray_terracotta":4,"minecraft:bow":1,"minecraft:wheat_seeds":13,"minecraft:raw_gold":9,"minecraft:rabbit_hide":3,"minecraft:rabbit":4,"minecraft:stone_hoe":2,"minecraft:smooth_basalt":16,"minecraft:pumpkin":3,"minecraft:spyglass":1,"minecraft:raw_iron_block":1,"minecraft:gravel":52,"minecraft:spruce_sapling":11,"minecraft:spruce_log":20,"minecraft:spider_eye":1,"minecraft:pumpkin_seeds":4,"minecraft:blue_terracotta":2,"minecraft:diamond":1,"minecraft:iron_helmet":1,"minecraft:granite":48,"minecraft:terracotta":16,"minecraft:oak_sapling":31,"minecraft:coal":26},"minecraft:used":{"minecraft:oak_trapdoor":2,"minecraft:oak_fence":32,"minecraft:iron_shovel":21,"minecraft:stone_shovel":130,"minecraft:decorated_pot":15,"minecraft:chest":6,"minecraft:wooden_shovel":93,"minecraft:stone_hoe":40,"minecraft:torch":23,"minecraft:dirt":8,"minecraft:spyglass":8,"minecraft:granite":3,"minecraft:snowball":8,"minecraft:milk_bucket":3,"minecraft:music_disc_relic":1,"minecraft:wooden_axe":56,"minecraft:lantern":3,"minecraft:birch_sapling":2,"minecraft:melon_seeds":3,"minecraft:furnace":2,"minecraft:oak_sapling":23,"minecraft:egg":10,"minecraft:powder_snow_bucket":8,"minecraft:pumpkin":1,"minecraft:wheat_seeds":19,"minecraft:diorite":1,"minecraft:snow_block":2,"minecraft:stone_pickaxe":517,"minecraft:oak_planks":1,"minecraft:wooden_pickaxe":21,"minecraft:terracotta":4,"minecraft:oak_slab":15,"minecraft:crafting_table":1,"minecraft:mushroom_stew":11,"minecraft:shears":1,"minecraft:pumpkin_seeds":3,"minecraft:melon_slice":4,"minecraft:iron_pickaxe":153,"minecraft:spruce_sapling":14,"minecraft:music_disc_blocks":2,"minecraft:stone_axe":114,"minecraft:wooden_sword":12,"minecraft:cobblestone":31,"minecraft:andesite":8,"minecraft:bucket":8,"minecraft:brush":37,"minecraft:jukebox":1},"minecraft:custom":{"minecraft:mob_kills":19,"minecraft:animals_bred":1,"minecraft:interact_with_crafting_table":43,"minecraft:time_since_death":166729,"minecraft:sprint_one_cm":138662,"minecraft:walk_one_cm":597508,"minecraft:drop":15,"minecraft:play_time":166729,"minecraft:sneak_time":7841,"minecraft:jump":568,"minecraft:walk_on_water_one_cm":304,"minecraft:total_world_time":166729,"minecraft:interact_with_furnace":29,"minecraft:play_record":2,"minecraft:time_since_rest":166729,"minecraft:damage_taken":385,"minecraft:damage_dealt":2925,"minecraft:fly_one_cm":99660,"minecraft:player_kills":1,"minecraft:open_chest":288,"minecraft:crouch_one_cm":14403,"minecraft:fall_one_cm":10510},"minecraft:dropped":{"minecraft:water_bucket":1,"minecraft:oak_log":27,"minecraft:music_disc_relic":1,"minecraft:grass_block":1,"minecraft:dirt":18,"minecraft:torch":7,"minecraft:wooden_axe":1,"minecraft:bone":4,"minecraft:spyglass":2,"minecraft:wooden_shovel":1,"minecraft:brick":3},"minecraft:killed":{"minecraft:fox":2,"minecraft:wolf":2,"minecraft:rabbit":5,"minecraft:creeper":4,"minecraft:goat":1,"minecraft:zombie":2,"minecraft:stray":3},"minecraft:broken":{"minecraft:wooden_shovel":1,"minecraft:stone_pickaxe":4,"minecraft:stone_axe":1,"minecraft:stone_shovel":1},"minecraft:crafted":{"minecraft:brick":8,"minecraft:wooden_sword":1,"minecraft:oak_planks":112,"minecraft:raw_iron":9,"minecraft:stone_shovel":1,"minecraft:jukebox":1,"minecraft:iron_nugget":27,"minecraft:spyglass":2,"minecraft:furnace":2,"minecraft:lantern":3,"minecraft:stone_pickaxe":4,"minecraft:decorated_pot":5,"minecraft:oak_fence":27,"minecraft:oak_slab":18,"minecraft:wooden_shovel":1,"minecraft:crafting_table":1,"minecraft:wooden_pickaxe":1,"minecraft:brush":1,"minecraft:copper_ingot":8,"minecraft:stone_axe":2,"minecraft:air":0,"minecraft:stick":36,"minecraft:iron_ingot":29,"minecraft:iron_pickaxe":2,"minecraft:wooden_axe":1,"minecraft:snow_block":16,"minecraft:iron_shovel":1,"minecraft:torch":24,"minecraft:shears":1}},"DataVersion":3700}