{"stats":{"minecraft:mined":{"minecraft:podzol":5,"minecraft:oak_slab":1,"minecraft:birch_log":6,"minecraft:pumpkin":3,"minecraft:clay":7,"minecraft:oak_log":35,"minecraft:grass_block":64,"minecraft:melon":2,"minecraft:chest":5,"minecraft:gravel":8},"minecraft:used":{"minecraft:oak_fence":27,"minecraft:wooden_axe":29,"minecraft:wooden_shovel":59,"minecraft:torch":1,"minecraft:dirt":1,"minecraft:oak_slab":6,"minecraft:crafting_table":1,"minecraft:oak_sapling":6},"minecraft:picked_up":{"minecraft:birch_log":1,"minecraft:stick":3,"minecraft:clay_ball":8,"minecraft:pumpkin":3,"minecraft:gravel":6,"minecraft:oak_log":44,"minecraft:dirt":44,"minecraft:wooden_shovel":1,"minecraft:oak_sapling":2,"minecraft:melon_slice":9,"minecraft:chest":4},"minecraft:custom":{"minecraft:time_since_rest":22729,"minecraft:sprint_one_cm":2175,"minecraft:walk_one_cm":45527,"minecraft:drop":5,"minecraft:interact_with_crafting_table":9,"minecraft:fly_one_cm":1477,"minecraft:open_chest":28,"minecraft:crouch_one_cm":7180,"minecraft:play_time":22729,"minecraft:sneak_time":6061,"minecraft:jump":36,"minecraft:time_since_death":22729,"minecraft:walk_on_water_one_cm":304,"minecraft:total_world_time":22729,"minecraft:fall_one_cm":418},"minecraft:dropped":{"minecraft:water_bucket":1,"minecraft:dirt":18,"minecraft:oak_log":12},"minecraft:broken":{"minecraft:wooden_shovel":1},"minecraft:crafted":{"minecraft:wooden_sword":1,"minecraft:oak_slab":6,"minecraft:oak_planks":80,"minecraft:crafting_table":1,"minecraft:stick":24,"minecraft:wooden_pickaxe":1,"minecraft:wooden_axe":1,"minecraft:oak_fence":27}},"DataVersion":3700}