{"stats":{"minecraft:mined":{"minecraft:deepslate_tiles":30,"minecraft:diamond_ore":4,"minecraft:tuff":33,"minecraft:oak_sapling":8,"minecraft:deepslate_diamond_ore":5,"minecraft:dark_oak_log":30,"minecraft:granite":67,"minecraft:budding_amethyst":21,"minecraft:grass_block":163,"minecraft:spruce_fence":1,"minecraft:decorated_pot":14,"minecraft:deepslate_bricks":37,"minecraft:spruce_leaves":18,"minecraft:deepslate_brick_slab":2,"minecraft:raw_iron_block":2,"minecraft:oak_trapdoor":1,"minecraft:spruce_sapling":3,"minecraft:raw_gold_block":5,"minecraft:iron_ore":50,"minecraft:snow":1,"minecraft:andesite":63,"minecraft:pumpkin":5,"minecraft:deepslate_lapis_ore":15,"minecraft:deepslate_iron_ore":32,"minecraft:packed_ice":25,"minecraft:stone":219,"minecraft:podzol":17,"minecraft:oak_slab":2,"minecraft:gray_terracotta":8,"minecraft:snow_block":81,"minecraft:spruce_door":1,"minecraft:powder_snow":6,"minecraft:oak_fence":1,"minecraft:clay":18,"minecraft:torch":9,"minecraft:calcite":69,"minecraft:melon":8,"minecraft:chest":49,"minecraft:copper_ore":66,"minecraft:cobblestone":31,"minecraft:deepslate_coal_ore":20,"minecraft:deepslate_gold_ore":21,"minecraft:diorite":69,"minecraft:wall_torch":3,"minecraft:amethyst_block":91,"minecraft:deepslate_copper_ore":30,"minecraft:white_terracotta":24,"minecraft:blue_terracotta":3,"minecraft:birch_log":30,"minecraft:wheat":26,"minecraft:blue_ice":14,"minecraft:spruce_log":41,"minecraft:coal_ore":26,"minecraft:oak_log":162,"minecraft:gravel":91,"minecraft:dripstone_block":7,"minecraft:dirt":44,"minecraft:smooth_basalt":31,"minecraft:terracotta":21,"minecraft:raw_copper_block":2,"minecraft:gold_ore":11,"minecraft:deepslate":126,"minecraft:oak_leaves":99,"minecraft:suspicious_gravel":44},"minecraft:picked_up":{"minecraft:crafting_table":1,"minecraft:wheat":27,"minecraft:clay_ball":44,"minecraft:brown_mushroom":13,"minecraft:wooden_pickaxe":1,"minecraft:cooked_rabbit":3,"minecraft:brick":8,"minecraft:amethyst_block":221,"minecraft:lapis_block":8,"minecraft:string":10,"minecraft:oak_trapdoor":6,"minecraft:raw_copper":310,"minecraft:wooden_sword":1,"minecraft:deepslate_tiles":55,"minecraft:smooth_stone":2,"minecraft:cobbled_deepslate":223,"minecraft:bucket":1,"minecraft:beef":10,"minecraft:iron_nugget":3,"minecraft:calcite":175,"minecraft:azalea":7,"minecraft:wooden_shovel":1,"minecraft:melon_slice":46,"minecraft:chest":68,"minecraft:birch_sapling":7,"minecraft:phantom_membrane":4,"minecraft:spruce_trapdoor":28,"minecraft:raw_copper_block":159,"minecraft:egg":8,"minecraft:dark_oak_sapling":13,"minecraft:tipped_arrow":4,"minecraft:sheaf_pottery_sherd":69,"minecraft:stick":41,"minecraft:raw_iron":92,"minecraft:music_disc_blocks":2,"minecraft:raw_gold_block":12,"minecraft:music_disc_relic":7,"minecraft:copper_ingot":4,"minecraft:oak_fence":61,"minecraft:torch":17,"minecraft:snow_block":85,"minecraft:spruce_fence":3,"minecraft:porkchop":4,"minecraft:diorite":125,"minecraft:shaper_armor_trim_smithing_template":1,"minecraft:howl_pottery_sherd":109,"minecraft:arrow":17,"minecraft:rotten_flesh":44,"minecraft:decorated_pot":11,"minecraft:deepslate_bricks":64,"minecraft:carved_pumpkin":3,"minecraft:white_terracotta":46,"minecraft:host_armor_trim_smithing_template":2,"minecraft:cod":2,"minecraft:snowball":271,"minecraft:rail":4,"minecraft:cobblestone":386,"minecraft:heartbreak_pottery_sherd":12,"minecraft:birch_log":66,"minecraft:feather":39,"minecraft:golden_carrot":4,"minecraft:water_bucket":1,"minecraft:andesite":171,"minecraft:leather":10,"minecraft:mushroom_stew":4,"minecraft:flint":21,"minecraft:tuff":70,"minecraft:oak_log":254,"minecraft:gunpowder":32,"minecraft:map":1,"minecraft:lapis_lazuli":126,"minecraft:dirt":200,"minecraft:bone":46,"minecraft:apple":27,"minecraft:gray_terracotta":12,"minecraft:bow":3,"minecraft:deepslate_brick_slab":2,"minecraft:wheat_seeds":69,"minecraft:raw_gold":42,"minecraft:rabbit_hide":9,"minecraft:iron_ingot":28,"minecraft:rabbit":4,"minecraft:stone_hoe":2,"minecraft:book":4,"minecraft:oak_slab":6,"minecraft:smooth_basalt":84,"minecraft:pumpkin":7,"minecraft:sweet_berries":4,"minecraft:brush":1,"minecraft:budding_amethyst":7,"minecraft:dripstone_block":18,"minecraft:spyglass":2,"minecraft:raw_iron_block":2,"minecraft:gravel":249,"minecraft:amethyst_shard":6,"minecraft:melon":7,"minecraft:spruce_sapling":19,"minecraft:spruce_door":1,"minecraft:spruce_log":61,"minecraft:dark_oak_log":43,"minecraft:spider_eye":2,"minecraft:leather_helmet":2,"minecraft:pumpkin_seeds":5,"minecraft:blue_terracotta":6,"minecraft:clay":5,"minecraft:diamond":9,"minecraft:iron_helmet":1,"minecraft:granite":129,"minecraft:bone_meal":9,"minecraft:terracotta":40,"minecraft:oak_sapling":88,"minecraft:coal":75},"minecraft:used":{"minecraft:oak_trapdoor":4,"minecraft:oak_fence":36,"minecraft:writable_book":1,"minecraft:iron_shovel":165,"minecraft:stone_shovel":130,"minecraft:decorated_pot":15,"minecraft:chest":27,"minecraft:wooden_shovel":93,"minecraft:stone_hoe":42,"minecraft:torch":27,"minecraft:dirt":24,"minecraft:spyglass":34,"minecraft:deepslate_brick_slab":4,"minecraft:spruce_fence":3,"minecraft:granite":3,"minecraft:snowball":15,"minecraft:milk_bucket":3,"minecraft:music_disc_relic":1,"minecraft:wooden_axe":56,"minecraft:iron_axe":87,"minecraft:lantern":3,"minecraft:birch_sapling":2,"minecraft:melon_seeds":3,"minecraft:bow":5,"minecraft:furnace":2,"minecraft:oak_sapling":23,"minecraft:egg":21,"minecraft:powder_snow_bucket":12,"minecraft:pumpkin":1,"minecraft:wheat_seeds":51,"minecraft:diorite":1,"minecraft:spruce_door":1,"minecraft:snow_block":2,"minecraft:stone_pickaxe":517,"minecraft:oak_planks":1,"minecraft:wooden_pickaxe":21,"minecraft:rail":4,"minecraft:terracotta":4,"minecraft:oak_slab":21,"minecraft:crafting_table":2,"minecraft:mushroom_stew":25,"minecraft:blast_furnace":1,"minecraft:shears":1,"minecraft:pumpkin_seeds":3,"minecraft:oak_log":6,"minecraft:melon_slice":8,"minecraft:iron_pickaxe":817,"minecraft:spruce_sapling":14,"minecraft:music_disc_blocks":2,"minecraft:stone_axe":307,"minecraft:wooden_sword":12,"minecraft:cobblestone":31,"minecraft:cooked_rabbit":3,"minecraft:andesite":8,"minecraft:bucket":12,"minecraft:brush":112,"minecraft:jukebox":1},"minecraft:custom":{"minecraft:mob_kills":62,"minecraft:animals_bred":7,"minecraft:interact_with_crafting_table":63,"minecraft:damage_dealt_resisted":180,"minecraft:time_since_death":250729,"minecraft:sprint_one_cm":202164,"minecraft:walk_one_cm":800424,"minecraft:drop":51,"minecraft:play_time":250729,"minecraft:sneak_time":9456,"minecraft:jump":985,"minecraft:interact_with_blast_furnace":6,"minecraft:walk_on_water_one_cm":304,"minecraft:total_world_time":250729,"minecraft:interact_with_furnace":48,"minecraft:play_record":2,"minecraft:time_since_rest":250729,"minecraft:damage_taken":1360,"minecraft:damage_dealt":11243,"minecraft:fly_one_cm":162802,"minecraft:player_kills":1,"minecraft:open_chest":503,"minecraft:crouch_one_cm":17130,"minecraft:fall_one_cm":17647},"minecraft:dropped":{"minecraft:stone_hoe":1,"minecraft:water_bucket":3,"minecraft:brown_mushroom":9,"minecraft:oak_log":27,"minecraft:music_disc_relic":4,"minecraft:sheaf_pottery_sherd":42,"minecraft:grass_block":1,"minecraft:mushroom_stew":3,"minecraft:stick":9,"minecraft:dirt":18,"minecraft:raw_copper_block":117,"minecraft:ice":1,"minecraft:torch":7,"minecraft:wooden_axe":1,"minecraft:wooden_sword":2,"minecraft:spruce_sapling":7,"minecraft:bone":4,"minecraft:spyglass":2,"minecraft:gunpowder":18,"minecraft:howl_pottery_sherd":78,"minecraft:chest":4,"minecraft:wooden_shovel":1,"minecraft:brick":3},"minecraft:killed":{"minecraft:phantom":2,"minecraft:skeleton":6,"minecraft:fox":2,"minecraft:wolf":6,"minecraft:rabbit":5,"minecraft:creeper":10,"minecraft:polar_bear":2,"minecraft:goat":2,"minecraft:zombie":20,"minecraft:stray":6},"minecraft:broken":{"minecraft:wooden_shovel":1,"minecraft:stone_pickaxe":4,"minecraft:stone_axe":3,"minecraft:iron_pickaxe":3,"minecraft:stone_shovel":1},"minecraft:crafted":{"minecraft:brick":8,"minecraft:wooden_sword":1,"minecraft:smooth_stone":5,"minecraft:oak_planks":112,"minecraft:raw_iron":18,"minecraft:stone_shovel":1,"minecraft:jukebox":1,"minecraft:iron_nugget":27,"minecraft:spyglass":2,"minecraft:melon":7,"minecraft:furnace":3,"minecraft:blast_furnace":1,"minecraft:stone":8,"minecraft:raw_copper_block":36,"minecraft:lantern":3,"minecraft:bow":2,"minecraft:iron_axe":1,"minecraft:stone_pickaxe":4,"minecraft:decorated_pot":5,"minecraft:oak_fence":27,"minecraft:oak_slab":18,"minecraft:wooden_shovel":1,"minecraft:crafting_table":1,"minecraft:wooden_pickaxe":1,"minecraft:deepslate_brick_slab":6,"minecraft:brush":1,"minecraft:raw_gold_block":7,"minecraft:bowl":4,"minecraft:copper_ingot":8,"minecraft:stone_axe":3,"minecraft:air":0,"minecraft:raw_gold":45,"minecraft:stick":36,"minecraft:iron_ingot":53,"minecraft:iron_pickaxe":4,"minecraft:wooden_axe":1,"minecraft:snow_block":77,"minecraft:iron_shovel":1,"minecraft:torch":24,"minecraft:shears":1,"minecraft:lapis_block":8,"minecraft:clay":33}},"DataVersion":3700}