{"stats":{"minecraft:broken":{"minecraft:wooden_shovel":1,"minecraft:stone_pickaxe":4,"minecraft:stone_axe":3,"minecraft:stone_shovel":1,"minecraft:iron_axe":1,"minecraft:iron_pickaxe":4},"minecraft:dropped":{"minecraft:brown_mushroom":9,"minecraft:oak_log":27,"minecraft:music_disc_relic":4,"minecraft:sheaf_pottery_sherd":42,"minecraft:leather_helmet":1,"minecraft:dirt":18,"minecraft:ice":1,"minecraft:raw_copper_block":117,"minecraft:snowball":3,"minecraft:wooden_sword":2,"minecraft:bone":4,"minecraft:spyglass":2,"minecraft:andesite_slab":1,"minecraft:gunpowder":18,"minecraft:chest":4,"minecraft:water_bucket":3,"minecraft:stone_hoe":2,"minecraft:golden_helmet":2,"minecraft:tropical_fish":2,"minecraft:grass_block":1,"minecraft:mushroom_stew":3,"minecraft:stick":9,"minecraft:torch":7,"minecraft:wooden_axe":1,"minecraft:spruce_sapling":7,"minecraft:stone_sword":1,"minecraft:howl_pottery_sherd":78,"minecraft:wooden_shovel":1,"minecraft:brick":3},"minecraft:mined":{"minecraft:oak_sapling":8,"minecraft:spruce_trapdoor":1,"minecraft:granite":70,"minecraft:budding_amethyst":25,"minecraft:grass_block":166,"minecraft:deepslate_bricks":73,"minecraft:raw_iron_block":2,"minecraft:iron_ore":53,"minecraft:pumpkin":8,"minecraft:moss_carpet":1,"minecraft:deepslate_lapis_ore":20,"minecraft:gray_terracotta":8,"minecraft:powder_snow":6,"minecraft:clay":18,"minecraft:torch":10,"minecraft:light_gray_terracotta":7,"minecraft:calcite":77,"minecraft:melon":9,"minecraft:chest":53,"minecraft:cobblestone":31,"minecraft:wall_torch":3,"minecraft:amethyst_block":100,"minecraft:deepslate_copper_ore":35,"minecraft:white_terracotta":24,"minecraft:blue_terracotta":3,"minecraft:birch_log":34,"minecraft:wheat":43,"minecraft:blue_ice":14,"minecraft:oak_log":164,"minecraft:dirt":47,"minecraft:smooth_basalt":34,"minecraft:raw_copper_block":2,"minecraft:oak_leaves":138,"minecraft:deepslate":149,"minecraft:suspicious_gravel":67,"minecraft:deepslate_tiles":46,"minecraft:diamond_ore":4,"minecraft:tuff":41,"minecraft:deepslate_diamond_ore":7,"minecraft:dark_oak_log":32,"minecraft:spruce_fence":2,"minecraft:decorated_pot":14,"minecraft:spruce_leaves":18,"minecraft:moss_block":20,"minecraft:rooted_dirt":17,"minecraft:deepslate_brick_slab":2,"minecraft:oak_trapdoor":1,"minecraft:spruce_sapling":3,"minecraft:raw_gold_block":5,"minecraft:snow":5,"minecraft:andesite":63,"minecraft:green_terracotta":2,"minecraft:deepslate_iron_ore":33,"minecraft:lantern":3,"minecraft:packed_ice":25,"minecraft:stone":231,"minecraft:podzol":17,"minecraft:oak_slab":15,"minecraft:snow_block":81,"minecraft:spruce_door":4,"minecraft:oak_fence":4,"minecraft:copper_ore":66,"minecraft:deepslate_coal_ore":21,"minecraft:deepslate_gold_ore":25,"minecraft:lapis_ore":3,"minecraft:diorite":71,"minecraft:spruce_log":43,"minecraft:coal_ore":27,"minecraft:gravel":93,"minecraft:dripstone_block":17,"minecraft:terracotta":21,"minecraft:gold_ore":12},"minecraft:used":{"minecraft:moss_block":31,"minecraft:moss_carpet":10,"minecraft:writable_book":1,"minecraft:iron_shovel":209,"minecraft:decorated_pot":16,"minecraft:chest":28,"minecraft:deepslate_brick_slab":4,"minecraft:tuff":2,"minecraft:snowball":19,"minecraft:milk_bucket":3,"minecraft:music_disc_relic":1,"minecraft:lantern":6,"minecraft:birch_sapling":2,"minecraft:item_frame":1,"minecraft:bow":6,"minecraft:furnace":3,"minecraft:oak_sapling":23,"minecraft:egg":31,"minecraft:diorite":1,"minecraft:spruce_door":1,"minecraft:stone_pickaxe":517,"minecraft:oak_planks":1,"minecraft:wooden_pickaxe":21,"minecraft:mushroom_stew":30,"minecraft:blast_furnace":1,"minecraft:shears":1,"minecraft:pumpkin_seeds":3,"minecraft:melon_slice":8,"minecraft:wooden_sword":12,"minecraft:cooked_rabbit":3,"minecraft:andesite":8,"minecraft:tropical_fish_bucket":6,"minecraft:oak_trapdoor":6,"minecraft:oak_fence":47,"minecraft:stone_shovel":130,"minecraft:wooden_shovel":93,"minecraft:stone_hoe":42,"minecraft:torch":35,"minecraft:dirt":24,"minecraft:spyglass":44,"minecraft:spruce_fence":4,"minecraft:granite":3,"minecraft:wooden_axe":56,"minecraft:iron_axe":179,"minecraft:melon_seeds":3,"minecraft:powder_snow_bucket":12,"minecraft:pumpkin":1,"minecraft:wheat_seeds":78,"minecraft:water_bucket":3,"minecraft:snow_block":2,"minecraft:andesite_slab":6,"minecraft:deepslate_bricks":1,"minecraft:rail":4,"minecraft:terracotta":4,"minecraft:oak_slab":58,"minecraft:crafting_table":2,"minecraft:smoker":1,"minecraft:oak_log":6,"minecraft:iron_pickaxe":1023,"minecraft:map":1,"minecraft:spruce_sapling":14,"minecraft:music_disc_blocks":2,"minecraft:stone_axe":307,"minecraft:cobblestone":31,"minecraft:bucket":24,"minecraft:brush":112,"minecraft:jukebox":1},"minecraft:custom":{"minecraft:animals_bred":20,"minecraft:interact_with_crafting_table":74,"minecraft:leave_game":1,"minecraft:time_since_death":21287,"minecraft:sprint_one_cm":257338,"minecraft:drop":60,"minecraft:play_time":312018,"minecraft:deaths":1,"minecraft:jump":1305,"minecraft:walk_on_water_one_cm":1737,"minecraft:interact_with_furnace":48,"minecraft:play_record":2,"minecraft:damage_dealt":15003,"minecraft:player_kills":1,"minecraft:crouch_one_cm":33779,"minecraft:mob_kills":84,"minecraft:damage_dealt_resisted":543,"minecraft:walk_one_cm":998576,"minecraft:sneak_time":12177,"minecraft:interact_with_blast_furnace":10,"minecraft:total_world_time":312018,"minecraft:time_since_rest":21320,"minecraft:damage_taken":1794,"minecraft:fly_one_cm":219471,"minecraft:open_chest":659,"minecraft:fall_one_cm":23708},"minecraft:crafted":{"minecraft:brick":8,"minecraft:smooth_stone":5,"minecraft:oak_planks":136,"minecraft:melon":7,"minecraft:stone":8,"minecraft:bow":2,"minecraft:decorated_pot":5,"minecraft:oak_fence":27,"minecraft:smoker":1,"minecraft:oak_slab":42,"minecraft:item_frame":1,"minecraft:wooden_shovel":1,"minecraft:arrow":8,"minecraft:crafting_table":1,"minecraft:spruce_planks":8,"minecraft:wooden_pickaxe":1,"minecraft:iron_helmet":1,"minecraft:brush":1,"minecraft:raw_gold_block":7,"minecraft:copper_ingot":8,"minecraft:shield":1,"minecraft:stick":60,"minecraft:iron_pickaxe":5,"minecraft:iron_ingot":99,"minecraft:snow_block":81,"minecraft:shears":1,"minecraft:wooden_sword":1,"minecraft:raw_iron":18,"minecraft:stone_shovel":1,"minecraft:jukebox":1,"minecraft:iron_nugget":27,"minecraft:spyglass":2,"minecraft:furnace":5,"minecraft:blast_furnace":1,"minecraft:raw_copper_block":36,"minecraft:moss_carpet":9,"minecraft:lantern":3,"minecraft:iron_axe":2,"minecraft:stone_pickaxe":4,"minecraft:deepslate_brick_slab":6,"minecraft:bowl":4,"minecraft:bucket":3,"minecraft:stone_axe":3,"minecraft:air":0,"minecraft:raw_gold":45,"minecraft:andesite_slab":6,"minecraft:wooden_axe":1,"minecraft:iron_shovel":2,"minecraft:torch":28,"minecraft:clay":33,"minecraft:lapis_block":8},"minecraft:killed":{"minecraft:spider":3,"minecraft:skeleton":12,"minecraft:fox":2,"minecraft:chicken":1,"minecraft:wolf":6,"minecraft:creeper":13,"minecraft:goat":2,"minecraft:zombie":25,"minecraft:stray":6,"minecraft:cow":3,"minecraft:phantom":2,"minecraft:rabbit":5,"minecraft:polar_bear":2},"minecraft:picked_up":{"minecraft:wheat":43,"minecraft:amethyst_block":241,"minecraft:lapis_block":8,"minecraft:string":17,"minecraft:raw_copper":401,"minecraft:deepslate_tiles":76,"minecraft:smooth_stone":2,"minecraft:cobbled_deepslate":254,"minecraft:bucket":1,"minecraft:calcite":188,"minecraft:azalea":7,"minecraft:wooden_shovel":1,"minecraft:melon_slice":52,"minecraft:tipped_arrow":4,"minecraft:golden_helmet":2,"minecraft:stick":43,"minecraft:sheaf_pottery_sherd":69,"minecraft:music_disc_blocks":2,"minecraft:oak_fence":64,"minecraft:torch":21,"minecraft:porkchop":4,"minecraft:snow_block":85,"minecraft:diorite":143,"minecraft:green_terracotta":5,"minecraft:shaper_armor_trim_smithing_template":1,"minecraft:rotten_flesh":49,"minecraft:tropical_fish":3,"minecraft:carved_pumpkin":3,"minecraft:white_terracotta":46,"minecraft:host_armor_trim_smithing_template":2,"minecraft:snowball":275,"minecraft:cod":2,"minecraft:cobblestone":418,"minecraft:birch_log":70,"minecraft:feather":45,"minecraft:water_bucket":1,"minecraft:andesite":183,"minecraft:flint":23,"minecraft:tuff":86,"minecraft:lantern":3,"minecraft:map":1,"minecraft:lapis_lazuli":267,"minecraft:dirt":217,"minecraft:bone":52,"minecraft:gray_terracotta":12,"minecraft:bow":3,"minecraft:wheat_seeds":108,"minecraft:deepslate_brick_slab":2,"minecraft:raw_gold":53,"minecraft:rabbit":4,"minecraft:moss_block":84,"minecraft:stone_hoe":2,"minecraft:axolotl_bucket":2,"minecraft:melon":7,"minecraft:polar_bear_spawn_egg":1,"minecraft:dark_oak_log":45,"minecraft:light_gray_terracotta":16,"minecraft:blue_terracotta":6,"minecraft:clay":5,"minecraft:diamond":20,"minecraft:granite":133,"minecraft:bone_meal":9,"minecraft:golden_apple":1,"minecraft:rooted_dirt":26,"minecraft:oak_sapling":89,"minecraft:andesite_slab":7,"minecraft:crafting_table":1,"minecraft:chicken":1,"minecraft:clay_ball":48,"minecraft:brown_mushroom":13,"minecraft:wooden_pickaxe":1,"minecraft:cooked_rabbit":3,"minecraft:brick":8,"minecraft:oak_trapdoor":7,"minecraft:moss_carpet":1,"minecraft:wooden_sword":1,"minecraft:candle":6,"minecraft:beef":16,"minecraft:iron_nugget":3,"minecraft:birch_sapling":7,"minecraft:chest":77,"minecraft:egg":31,"minecraft:spruce_trapdoor":29,"minecraft:phantom_membrane":4,"minecraft:raw_copper_block":159,"minecraft:dark_oak_sapling":13,"minecraft:raw_iron":112,"minecraft:raw_gold_block":12,"minecraft:music_disc_relic":7,"minecraft:copper_ingot":4,"minecraft:amethyst_cluster":2,"minecraft:spruce_fence":4,"minecraft:howl_pottery_sherd":113,"minecraft:arrow":22,"minecraft:decorated_pot":11,"minecraft:deepslate_bricks":121,"minecraft:rail":4,"minecraft:heartbreak_pottery_sherd":14,"minecraft:golden_carrot":4,"minecraft:leather":12,"minecraft:mushroom_stew":4,"minecraft:oak_log":262,"minecraft:gunpowder":36,"minecraft:apple":27,"minecraft:rabbit_hide":12,"minecraft:iron_ingot":28,"minecraft:iron_sword":1,"minecraft:book":4,"minecraft:tropical_fish_bucket":1,"minecraft:oak_slab":29,"minecraft:smooth_basalt":95,"minecraft:pumpkin":10,"minecraft:sweet_berries":4,"minecraft:budding_amethyst":8,"minecraft:brush":1,"minecraft:spyglass":2,"minecraft:raw_iron_block":2,"minecraft:dripstone_block":76,"minecraft:gravel":253,"minecraft:endermite_spawn_egg":1,"minecraft:amethyst_shard":6,"minecraft:spruce_sapling":19,"minecraft:white_bed":2,"minecraft:spruce_log":63,"minecraft:spider_eye":3,"minecraft:spruce_door":4,"minecraft:leather_helmet":3,"minecraft:pumpkin_seeds":5,"minecraft:iron_helmet":2,"minecraft:terracotta":40,"minecraft:coal":93}},"DataVersion":3700}