{"stats":{"minecraft:mined":{"minecraft:podzol":10,"minecraft:oak_slab":1,"minecraft:oak_sapling":2,"minecraft:iron_ore":4,"minecraft:birch_log":15,"minecraft:andesite":8,"minecraft:pumpkin":4,"minecraft:clay":13,"minecraft:granite":4,"minecraft:calcite":3,"minecraft:coal_ore":4,"minecraft:oak_log":44,"minecraft:grass_block":74,"minecraft:melon":3,"minecraft:chest":9,"minecraft:dirt":6,"minecraft:gravel":21,"minecraft:copper_ore":17,"minecraft:smooth_basalt":1,"minecraft:stone":58,"minecraft:diorite":1,"minecraft:amethyst_block":3},"minecraft:used":{"minecraft:oak_fence":27,"minecraft:wooden_axe":50,"minecraft:melon_slice":4,"minecraft:stone_pickaxe":95,"minecraft:wooden_pickaxe":18,"minecraft:wooden_shovel":93,"minecraft:torch":1,"minecraft:wooden_sword":8,"minecraft:dirt":1,"minecraft:oak_slab":6,"minecraft:crafting_table":1,"minecraft:furnace":2,"minecraft:oak_sapling":9},"minecraft:picked_up":{"minecraft:birch_log":7,"minecraft:stick":3,"minecraft:andesite":7,"minecraft:clay_ball":24,"minecraft:pumpkin":3,"minecraft:gravel":18,"minecraft:flint":1,"minecraft:oak_log":46,"minecraft:amethyst_block":2,"minecraft:dirt":55,"minecraft:raw_copper":55,"minecraft:rotten_flesh":4,"minecraft:granite":3,"minecraft:wooden_shovel":1,"minecraft:oak_sapling":4,"minecraft:melon_slice":15,"minecraft:chest":6,"minecraft:coal":3,"minecraft:cobblestone":35,"minecraft:raw_iron":4},"minecraft:custom":{"minecraft:time_since_rest":34729,"minecraft:sprint_one_cm":3774,"minecraft:damage_taken":125,"minecraft:walk_one_cm":75227,"minecraft:mob_kills":2,"minecraft:drop":5,"minecraft:damage_dealt":431,"minecraft:interact_with_crafting_table":13,"minecraft:fly_one_cm":2644,"minecraft:open_chest":41,"minecraft:crouch_one_cm":7374,"minecraft:play_time":34729,"minecraft:sneak_time":6222,"minecraft:jump":57,"minecraft:time_since_death":34729,"minecraft:walk_on_water_one_cm":304,"minecraft:total_world_time":34729,"minecraft:fall_one_cm":418,"minecraft:interact_with_furnace":5},"minecraft:dropped":{"minecraft:water_bucket":1,"minecraft:dirt":18,"minecraft:oak_log":12},"minecraft:killed":{"minecraft:zombie":1,"minecraft:rabbit":1},"minecraft:broken":{"minecraft:wooden_shovel":1},"minecraft:crafted":{"minecraft:wooden_sword":1,"minecraft:oak_slab":6,"minecraft:oak_planks":80,"minecraft:wooden_shovel":1,"minecraft:crafting_table":1,"minecraft:stick":24,"minecraft:iron_ingot":4,"minecraft:wooden_pickaxe":1,"minecraft:stone_pickaxe":1,"minecraft:wooden_axe":1,"minecraft:furnace":2,"minecraft:copper_ingot":2,"minecraft:oak_fence":27,"minecraft:air":0}},"DataVersion":3700}