{"stats":{"minecraft:mined":{"minecraft:podzol":12,"minecraft:oak_slab":1,"minecraft:oak_sapling":2,"minecraft:clay":14,"minecraft:torch":1,"minecraft:granite":22,"minecraft:spruce_fence":1,"minecraft:grass_block":86,"minecraft:calcite":16,"minecraft:melon":3,"minecraft:chest":13,"minecraft:copper_ore":40,"minecraft:spruce_leaves":8,"minecraft:diorite":31,"minecraft:amethyst_block":27,"minecraft:spruce_sapling":3,"minecraft:birch_log":21,"minecraft:iron_ore":18,"minecraft:spruce_log":14,"minecraft:andesite":17,"minecraft:pumpkin":4,"minecraft:oak_log":81,"minecraft:coal_ore":22,"minecraft:gravel":42,"minecraft:dirt":35,"minecraft:smooth_basalt":5,"minecraft:stone":110,"minecraft:oak_leaves":33},"minecraft:used":{"minecraft:oak_fence":27,"minecraft:stone_shovel":64,"minecraft:stone_pickaxe":304,"minecraft:chest":3,"minecraft:wooden_pickaxe":21,"minecraft:wooden_shovel":93,"minecraft:torch":10,"minecraft:dirt":3,"minecraft:spyglass":8,"minecraft:oak_slab":6,"minecraft:crafting_table":1,"minecraft:mushroom_stew":5,"minecraft:granite":1,"minecraft:wooden_axe":56,"minecraft:lantern":1,"minecraft:melon_slice":4,"minecraft:spruce_sapling":10,"minecraft:stone_axe":73,"minecraft:wooden_sword":12,"minecraft:oak_sapling":13,"minecraft:furnace":2,"minecraft:brush":8},"minecraft:picked_up":{"minecraft:birch_log":30,"minecraft:feather":13,"minecraft:clay_ball":28,"minecraft:andesite":16,"minecraft:wooden_pickaxe":1,"minecraft:mushroom_stew":2,"minecraft:flint":6,"minecraft:oak_log":82,"minecraft:gunpowder":3,"minecraft:amethyst_block":25,"minecraft:oak_trapdoor":1,"minecraft:string":2,"minecraft:dirt":97,"minecraft:raw_copper":123,"minecraft:rabbit_hide":2,"minecraft:beef":2,"minecraft:calcite":12,"minecraft:wooden_shovel":1,"minecraft:rabbit":4,"minecraft:melon_slice":15,"minecraft:chest":12,"minecraft:smooth_basalt":4,"minecraft:stick":15,"minecraft:raw_iron":13,"minecraft:pumpkin":3,"minecraft:music_disc_relic":1,"minecraft:torch":1,"minecraft:spyglass":1,"minecraft:gravel":38,"minecraft:porkchop":2,"minecraft:spruce_sapling":6,"minecraft:diorite":28,"minecraft:spruce_log":14,"minecraft:spider_eye":1,"minecraft:rotten_flesh":4,"minecraft:granite":16,"minecraft:oak_sapling":11,"minecraft:coal":25,"minecraft:cobblestone":84},"minecraft:custom":{"minecraft:interact_with_furnace":13,"minecraft:mob_kills":10,"minecraft:interact_with_crafting_table":24,"minecraft:time_since_death":70729,"minecraft:time_since_rest":70729,"minecraft:sprint_one_cm":46251,"minecraft:damage_taken":235,"minecraft:walk_one_cm":203618,"minecraft:drop":12,"minecraft:damage_dealt":1642,"minecraft:player_kills":1,"minecraft:fly_one_cm":47765,"minecraft:open_chest":98,"minecraft:crouch_one_cm":11915,"minecraft:play_time":70729,"minecraft:sneak_time":7190,"minecraft:jump":247,"minecraft:walk_on_water_one_cm":304,"minecraft:total_world_time":70729,"minecraft:fall_one_cm":5852},"minecraft:dropped":{"minecraft:water_bucket":1,"minecraft:spyglass":2,"minecraft:oak_log":27,"minecraft:music_disc_relic":1,"minecraft:grass_block":1,"minecraft:dirt":18,"minecraft:wooden_axe":1,"minecraft:wooden_shovel":1},"minecraft:killed":{"minecraft:rabbit":5,"minecraft:creeper":4,"minecraft:zombie":1},"minecraft:crafted":{"minecraft:wooden_sword":1,"minecraft:oak_slab":6,"minecraft:oak_planks":96,"minecraft:wooden_shovel":1,"minecraft:stone_shovel":1,"minecraft:iron_nugget":9,"minecraft:crafting_table":1,"minecraft:spyglass":2,"minecraft:wooden_pickaxe":1,"minecraft:brush":1,"minecraft:furnace":2,"minecraft:copper_ingot":5,"minecraft:stone_axe":1,"minecraft:air":0,"minecraft:lantern":1,"minecraft:stick":36,"minecraft:iron_ingot":7,"minecraft:stone_pickaxe":3,"minecraft:wooden_axe":1,"minecraft:torch":12,"minecraft:oak_fence":27},"minecraft:broken":{"minecraft:stone_pickaxe":2,"minecraft:wooden_shovel":1}},"DataVersion":3700}