{"stats":{"minecraft:mined":{"minecraft:diamond_ore":1,"minecraft:oak_sapling":8,"minecraft:granite":34,"minecraft:grass_block":117,"minecraft:spruce_fence":1,"minecraft:decorated_pot":7,"minecraft:spruce_leaves":18,"minecraft:raw_iron_block":1,"minecraft:spruce_sapling":3,"minecraft:iron_ore":35,"minecraft:andesite":46,"minecraft:pumpkin":4,"minecraft:packed_ice":5,"minecraft:stone":146,"minecraft:podzol":13,"minecraft:oak_slab":2,"minecraft:gray_terracotta":8,"minecraft:snow_block":7,"minecraft:powder_snow":2,"minecraft:clay":15,"minecraft:torch":3,"minecraft:calcite":32,"minecraft:melon":5,"minecraft:chest":16,"minecraft:copper_ore":50,"minecraft:cobblestone":15,"minecraft:diorite":34,"minecraft:wall_torch":1,"minecraft:amethyst_block":41,"minecraft:white_terracotta":18,"minecraft:birch_log":22,"minecraft:blue_ice":1,"minecraft:spruce_log":18,"minecraft:coal_ore":23,"minecraft:oak_log":81,"minecraft:gravel":48,"minecraft:dirt":37,"minecraft:smooth_basalt":5,"minecraft:terracotta":9,"minecraft:gold_ore":8,"minecraft:oak_leaves":74,"minecraft:suspicious_gravel":8},"minecraft:picked_up":{"minecraft:clay_ball":32,"minecraft:wooden_pickaxe":1,"minecraft:amethyst_block":39,"minecraft:string":2,"minecraft:oak_trapdoor":1,"minecraft:raw_copper":158,"minecraft:bucket":1,"minecraft:beef":4,"minecraft:calcite":28,"minecraft:wooden_shovel":1,"minecraft:melon_slice":25,"minecraft:chest":15,"minecraft:birch_sapling":3,"minecraft:egg":2,"minecraft:tipped_arrow":1,"minecraft:stick":25,"minecraft:raw_iron":30,"minecraft:music_disc_relic":2,"minecraft:torch":4,"minecraft:porkchop":2,"minecraft:diorite":29,"minecraft:arrow":2,"minecraft:rotten_flesh":4,"minecraft:decorated_pot":7,"minecraft:white_terracotta":18,"minecraft:snowball":28,"minecraft:cobblestone":135,"minecraft:birch_log":31,"minecraft:feather":13,"minecraft:andesite":45,"minecraft:mushroom_stew":3,"minecraft:flint":7,"minecraft:oak_log":82,"minecraft:gunpowder":3,"minecraft:dirt":127,"minecraft:bone":3,"minecraft:gray_terracotta":4,"minecraft:bow":1,"minecraft:raw_gold":8,"minecraft:rabbit_hide":3,"minecraft:rabbit":4,"minecraft:stone_hoe":2,"minecraft:smooth_basalt":4,"minecraft:pumpkin":3,"minecraft:spyglass":1,"minecraft:raw_iron_block":1,"minecraft:gravel":43,"minecraft:spruce_sapling":11,"minecraft:spruce_log":18,"minecraft:spider_eye":1,"minecraft:diamond":1,"minecraft:granite":28,"minecraft:terracotta":9,"minecraft:oak_sapling":24,"minecraft:coal":26},"minecraft:used":{"minecraft:oak_trapdoor":1,"minecraft:oak_fence":27,"minecraft:stone_shovel":115,"minecraft:decorated_pot":8,"minecraft:chest":3,"minecraft:wooden_shovel":93,"minecraft:stone_hoe":40,"minecraft:torch":16,"minecraft:dirt":3,"minecraft:spyglass":8,"minecraft:granite":2,"minecraft:music_disc_relic":1,"minecraft:wooden_axe":56,"minecraft:lantern":1,"minecraft:birch_sapling":2,"minecraft:melon_seeds":3,"minecraft:furnace":2,"minecraft:oak_sapling":20,"minecraft:egg":2,"minecraft:powder_snow_bucket":3,"minecraft:wheat_seeds":6,"minecraft:stone_pickaxe":501,"minecraft:wooden_pickaxe":21,"minecraft:terracotta":4,"minecraft:oak_slab":9,"minecraft:crafting_table":1,"minecraft:mushroom_stew":8,"minecraft:melon_slice":4,"minecraft:iron_pickaxe":10,"minecraft:spruce_sapling":14,"minecraft:music_disc_blocks":1,"minecraft:stone_axe":95,"minecraft:wooden_sword":12,"minecraft:cobblestone":15,"minecraft:andesite":8,"minecraft:bucket":3,"minecraft:brush":19,"minecraft:jukebox":1},"minecraft:custom":{"minecraft:mob_kills":16,"minecraft:interact_with_crafting_table":31,"minecraft:time_since_death":118729,"minecraft:sprint_one_cm":83371,"minecraft:walk_one_cm":388186,"minecraft:drop":13,"minecraft:play_time":118729,"minecraft:sneak_time":7688,"minecraft:jump":406,"minecraft:walk_on_water_one_cm":304,"minecraft:total_world_time":118729,"minecraft:interact_with_furnace":28,"minecraft:play_record":2,"minecraft:time_since_rest":118729,"minecraft:damage_taken":290,"minecraft:damage_dealt":2426,"minecraft:fly_one_cm":68140,"minecraft:player_kills":1,"minecraft:open_chest":192,"minecraft:crouch_one_cm":14061,"minecraft:fall_one_cm":7942},"minecraft:dropped":{"minecraft:water_bucket":1,"minecraft:oak_log":27,"minecraft:music_disc_relic":1,"minecraft:grass_block":1,"minecraft:dirt":18,"minecraft:wooden_axe":1,"minecraft:bone":4,"minecraft:spyglass":2,"minecraft:wooden_shovel":1},"minecraft:killed":{"minecraft:fox":2,"minecraft:wolf":2,"minecraft:rabbit":5,"minecraft:creeper":4,"minecraft:zombie":1,"minecraft:stray":2},"minecraft:broken":{"minecraft:wooden_shovel":1,"minecraft:stone_pickaxe":3},"minecraft:crafted":{"minecraft:brick":8,"minecraft:wooden_sword":1,"minecraft:oak_planks":108,"minecraft:raw_iron":9,"minecraft:stone_shovel":1,"minecraft:jukebox":1,"minecraft:iron_nugget":9,"minecraft:spyglass":2,"minecraft:furnace":2,"minecraft:lantern":1,"minecraft:stone_pickaxe":4,"minecraft:decorated_pot":1,"minecraft:oak_fence":27,"minecraft:oak_slab":12,"minecraft:wooden_shovel":1,"minecraft:crafting_table":1,"minecraft:wooden_pickaxe":1,"minecraft:brush":1,"minecraft:copper_ingot":8,"minecraft:stone_axe":2,"minecraft:air":0,"minecraft:stick":36,"minecraft:iron_ingot":29,"minecraft:iron_pickaxe":1,"minecraft:wooden_axe":1,"minecraft:torch":12}},"DataVersion":3700}