{"stats":{"minecraft:mined":{"minecraft:diamond_ore":1,"minecraft:oak_sapling":8,"minecraft:granite":39,"minecraft:grass_block":121,"minecraft:spruce_fence":1,"minecraft:decorated_pot":14,"minecraft:spruce_leaves":18,"minecraft:raw_iron_block":1,"minecraft:spruce_sapling":3,"minecraft:iron_ore":38,"minecraft:andesite":51,"minecraft:pumpkin":4,"minecraft:packed_ice":10,"minecraft:stone":153,"minecraft:podzol":13,"minecraft:oak_slab":2,"minecraft:gray_terracotta":8,"minecraft:snow_block":7,"minecraft:powder_snow":3,"minecraft:clay":15,"minecraft:torch":3,"minecraft:calcite":32,"minecraft:melon":5,"minecraft:chest":18,"minecraft:copper_ore":53,"minecraft:cobblestone":15,"minecraft:diorite":42,"minecraft:wall_torch":1,"minecraft:amethyst_block":41,"minecraft:white_terracotta":21,"minecraft:blue_terracotta":2,"minecraft:birch_log":22,"minecraft:wheat":2,"minecraft:blue_ice":2,"minecraft:spruce_log":20,"minecraft:coal_ore":23,"minecraft:oak_log":85,"minecraft:gravel":50,"minecraft:dirt":37,"minecraft:smooth_basalt":9,"minecraft:terracotta":9,"minecraft:gold_ore":8,"minecraft:oak_leaves":78,"minecraft:suspicious_gravel":9},"minecraft:picked_up":{"minecraft:wheat":2,"minecraft:clay_ball":32,"minecraft:wooden_pickaxe":1,"minecraft:brick":3,"minecraft:amethyst_block":39,"minecraft:string":2,"minecraft:oak_trapdoor":2,"minecraft:raw_copper":170,"minecraft:bucket":1,"minecraft:beef":5,"minecraft:calcite":28,"minecraft:wooden_shovel":1,"minecraft:melon_slice":25,"minecraft:chest":17,"minecraft:birch_sapling":3,"minecraft:spruce_trapdoor":2,"minecraft:egg":4,"minecraft:tipped_arrow":1,"minecraft:sheaf_pottery_sherd":6,"minecraft:stick":29,"minecraft:raw_iron":33,"minecraft:music_disc_blocks":1,"minecraft:music_disc_relic":2,"minecraft:torch":5,"minecraft:porkchop":2,"minecraft:diorite":37,"minecraft:howl_pottery_sherd":2,"minecraft:arrow":2,"minecraft:rotten_flesh":6,"minecraft:decorated_pot":10,"minecraft:carved_pumpkin":1,"minecraft:white_terracotta":21,"minecraft:snowball":28,"minecraft:cobblestone":142,"minecraft:heartbreak_pottery_sherd":1,"minecraft:birch_log":31,"minecraft:feather":13,"minecraft:andesite":50,"minecraft:mushroom_stew":3,"minecraft:flint":7,"minecraft:oak_log":86,"minecraft:gunpowder":3,"minecraft:dirt":131,"minecraft:bone":3,"minecraft:gray_terracotta":4,"minecraft:bow":1,"minecraft:wheat_seeds":7,"minecraft:raw_gold":8,"minecraft:rabbit_hide":3,"minecraft:rabbit":4,"minecraft:stone_hoe":2,"minecraft:smooth_basalt":8,"minecraft:pumpkin":3,"minecraft:spyglass":1,"minecraft:raw_iron_block":1,"minecraft:gravel":45,"minecraft:spruce_sapling":11,"minecraft:spruce_log":20,"minecraft:spider_eye":1,"minecraft:pumpkin_seeds":4,"minecraft:blue_terracotta":2,"minecraft:diamond":1,"minecraft:granite":33,"minecraft:terracotta":9,"minecraft:oak_sapling":30,"minecraft:coal":26},"minecraft:used":{"minecraft:oak_trapdoor":2,"minecraft:oak_fence":27,"minecraft:stone_shovel":118,"minecraft:decorated_pot":15,"minecraft:chest":3,"minecraft:wooden_shovel":93,"minecraft:stone_hoe":40,"minecraft:torch":21,"minecraft:dirt":3,"minecraft:spyglass":8,"minecraft:granite":3,"minecraft:milk_bucket":3,"minecraft:music_disc_relic":1,"minecraft:wooden_axe":56,"minecraft:lantern":1,"minecraft:birch_sapling":2,"minecraft:melon_seeds":3,"minecraft:furnace":2,"minecraft:oak_sapling":23,"minecraft:egg":10,"minecraft:powder_snow_bucket":8,"minecraft:pumpkin":1,"minecraft:wheat_seeds":13,"minecraft:diorite":1,"minecraft:snow_block":2,"minecraft:stone_pickaxe":517,"minecraft:wooden_pickaxe":21,"minecraft:terracotta":4,"minecraft:oak_slab":9,"minecraft:crafting_table":1,"minecraft:mushroom_stew":9,"minecraft:shears":1,"minecraft:pumpkin_seeds":3,"minecraft:melon_slice":4,"minecraft:iron_pickaxe":47,"minecraft:spruce_sapling":14,"minecraft:music_disc_blocks":2,"minecraft:stone_axe":105,"minecraft:wooden_sword":12,"minecraft:cobblestone":18,"minecraft:andesite":8,"minecraft:bucket":8,"minecraft:brush":27,"minecraft:jukebox":1},"minecraft:custom":{"minecraft:mob_kills":17,"minecraft:interact_with_crafting_table":37,"minecraft:time_since_death":142729,"minecraft:sprint_one_cm":110138,"minecraft:walk_one_cm":496409,"minecraft:drop":15,"minecraft:play_time":142729,"minecraft:sneak_time":7748,"minecraft:jump":504,"minecraft:walk_on_water_one_cm":304,"minecraft:total_world_time":142729,"minecraft:interact_with_furnace":29,"minecraft:play_record":2,"minecraft:time_since_rest":142729,"minecraft:damage_taken":310,"minecraft:damage_dealt":2626,"minecraft:fly_one_cm":89349,"minecraft:player_kills":1,"minecraft:open_chest":234,"minecraft:crouch_one_cm":14140,"minecraft:fall_one_cm":9405},"minecraft:dropped":{"minecraft:water_bucket":1,"minecraft:oak_log":27,"minecraft:music_disc_relic":1,"minecraft:grass_block":1,"minecraft:dirt":18,"minecraft:torch":7,"minecraft:wooden_axe":1,"minecraft:bone":4,"minecraft:spyglass":2,"minecraft:wooden_shovel":1,"minecraft:brick":3},"minecraft:killed":{"minecraft:fox":2,"minecraft:wolf":2,"minecraft:rabbit":5,"minecraft:creeper":4,"minecraft:zombie":2,"minecraft:stray":2},"minecraft:broken":{"minecraft:wooden_shovel":1,"minecraft:stone_pickaxe":4},"minecraft:crafted":{"minecraft:brick":8,"minecraft:wooden_sword":1,"minecraft:oak_planks":108,"minecraft:raw_iron":9,"minecraft:stone_shovel":1,"minecraft:jukebox":1,"minecraft:iron_nugget":9,"minecraft:spyglass":2,"minecraft:furnace":2,"minecraft:lantern":1,"minecraft:stone_pickaxe":4,"minecraft:decorated_pot":5,"minecraft:oak_fence":27,"minecraft:oak_slab":12,"minecraft:wooden_shovel":1,"minecraft:crafting_table":1,"minecraft:wooden_pickaxe":1,"minecraft:brush":1,"minecraft:copper_ingot":8,"minecraft:stone_axe":2,"minecraft:air":0,"minecraft:stick":36,"minecraft:iron_ingot":29,"minecraft:iron_pickaxe":1,"minecraft:wooden_axe":1,"minecraft:snow_block":7,"minecraft:torch":24,"minecraft:shears":1}},"DataVersion":3700}