{"stats":{"minecraft:mined":{"minecraft:oak_slab":1,"minecraft:grass_block":17,"minecraft:oak_log":8,"minecraft:chest":3},"minecraft:picked_up":{"minecraft:oak_log":20,"minecraft:wooden_shovel":1,"minecraft:chest":2,"minecraft:dirt":21},"minecraft:used":{"minecraft:torch":1,"minecraft:dirt":1,"minecraft:crafting_table":1,"minecraft:oak_sapling":3},"minecraft:custom":{"minecraft:time_since_rest":10729,"minecraft:open_chest":8,"minecraft:crouch_one_cm":5504,"minecraft:play_time":10729,"minecraft:walk_one_cm":15512,"minecraft:sneak_time":3707,"minecraft:drop":5,"minecraft:jump":22,"minecraft:walk_on_water_one_cm":304,"minecraft:time_since_death":10729,"minecraft:total_world_time":10729,"minecraft:interact_with_crafting_table":3,"minecraft:fall_one_cm":209,"minecraft:fly_one_cm":72},"minecraft:dropped":{"minecraft:water_bucket":1,"minecraft:dirt":18,"minecraft:oak_log":12},"minecraft:crafted":{"minecraft:oak_planks":8,"minecraft:crafting_table":1}},"DataVersion":3700}