{"stats":{"minecraft:mined":{"minecraft:podzol":10,"minecraft:oak_slab":1,"minecraft:oak_sapling":2,"minecraft:clay":13,"minecraft:granite":8,"minecraft:grass_block":75,"minecraft:calcite":9,"minecraft:melon":3,"minecraft:chest":11,"minecraft:copper_ore":27,"minecraft:diorite":13,"minecraft:amethyst_block":12,"minecraft:birch_log":17,"minecraft:iron_ore":10,"minecraft:andesite":16,"minecraft:pumpkin":4,"minecraft:oak_log":51,"minecraft:coal_ore":15,"minecraft:gravel":28,"minecraft:dirt":16,"minecraft:smooth_basalt":1,"minecraft:stone":67},"minecraft:used":{"minecraft:oak_fence":27,"minecraft:stone_shovel":17,"minecraft:stone_pickaxe":171,"minecraft:chest":1,"minecraft:wooden_pickaxe":21,"minecraft:wooden_shovel":93,"minecraft:torch":8,"minecraft:dirt":3,"minecraft:oak_slab":6,"minecraft:crafting_table":1,"minecraft:mushroom_stew":3,"minecraft:granite":1,"minecraft:wooden_axe":56,"minecraft:melon_slice":4,"minecraft:spruce_sapling":1,"minecraft:stone_axe":9,"minecraft:wooden_sword":12,"minecraft:oak_sapling":11,"minecraft:furnace":2,"minecraft:brush":8},"minecraft:picked_up":{"minecraft:birch_log":9,"minecraft:feather":13,"minecraft:clay_ball":24,"minecraft:andesite":15,"minecraft:wooden_pickaxe":1,"minecraft:mushroom_stew":2,"minecraft:flint":6,"minecraft:oak_log":52,"minecraft:gunpowder":1,"minecraft:amethyst_block":10,"minecraft:oak_trapdoor":1,"minecraft:string":1,"minecraft:dirt":66,"minecraft:raw_copper":87,"minecraft:calcite":6,"minecraft:wooden_shovel":1,"minecraft:melon_slice":15,"minecraft:chest":10,"minecraft:stick":6,"minecraft:raw_iron":9,"minecraft:pumpkin":3,"minecraft:spyglass":1,"minecraft:gravel":22,"minecraft:diorite":10,"minecraft:spider_eye":1,"minecraft:rotten_flesh":4,"minecraft:granite":5,"minecraft:oak_sapling":9,"minecraft:coal":18,"minecraft:cobblestone":44},"minecraft:custom":{"minecraft:interact_with_furnace":13,"minecraft:mob_kills":4,"minecraft:interact_with_crafting_table":20,"minecraft:time_since_death":46729,"minecraft:time_since_rest":46729,"minecraft:sprint_one_cm":11435,"minecraft:damage_taken":235,"minecraft:walk_one_cm":116347,"minecraft:drop":9,"minecraft:damage_dealt":1043,"minecraft:fly_one_cm":11264,"minecraft:open_chest":65,"minecraft:crouch_one_cm":7855,"minecraft:play_time":46729,"minecraft:sneak_time":6462,"minecraft:jump":102,"minecraft:walk_on_water_one_cm":304,"minecraft:total_world_time":46729,"minecraft:fall_one_cm":1672},"minecraft:dropped":{"minecraft:water_bucket":1,"minecraft:spyglass":2,"minecraft:oak_log":12,"minecraft:dirt":18,"minecraft:wooden_axe":1,"minecraft:wooden_shovel":1},"minecraft:killed":{"minecraft:rabbit":1,"minecraft:creeper":2,"minecraft:zombie":1},"minecraft:crafted":{"minecraft:wooden_sword":1,"minecraft:oak_slab":6,"minecraft:oak_planks":88,"minecraft:wooden_shovel":1,"minecraft:stone_shovel":1,"minecraft:crafting_table":1,"minecraft:spyglass":2,"minecraft:wooden_pickaxe":1,"minecraft:brush":1,"minecraft:furnace":2,"minecraft:copper_ingot":5,"minecraft:stone_axe":1,"minecraft:air":0,"minecraft:stick":32,"minecraft:iron_ingot":7,"minecraft:stone_pickaxe":2,"minecraft:wooden_axe":1,"minecraft:torch":8,"minecraft:oak_fence":27},"minecraft:broken":{"minecraft:stone_pickaxe":1,"minecraft:wooden_shovel":1}},"DataVersion":3700}